CHEM,DOSAGE,REFERENCE
"1,8-CINEOLE","LD50=2,480 (orl rat)","AEHD1:127 ZEB"
"1.2-PROPANEDIAMINE","LD50=2,230 (orl rat)",""
"11-HYDROXY-DELTA-9-THC","LD50=730-1270 (orl rat)","M11"
"2-OXO-6-DEHYDRONEOANISATIN","LD50=1.46 (mus)","CPB38:291"
"2-THIOURACIL","LD100=1,500 (ipr rat)","M11"
"6-HYDROXY-1,2,3,4-TETRAHYDRO-BETA-CARBOLINE-3-CARBOXYLIC-ACID","LD50=5 mg/kg","JAF39:192"
"8-METHOXY-PSORALEN","LD50=440-500 (ipr rat)","M11"
"9-METHOXYELLIPTICINE","LDlo=500mg/kg (orl mus)","526"
"ABOBIOSIDE","LD=0.7 (ivn cat)",""
"ABOMONOSIDE","LD50=0.7 (ivn cat)",""
"ABRIN","LD50=0.02 (ipr mus)","M11"
"ACETALDEHYDE","LD50=1,900-1,930 (orl rat)","BBE CRC"
"ACETIC-ACID","LD50=3,310 (orl rat)",""
"ACETONE","LD50=5,300 (orl rbt)",""
"ACETOPHENONE","LD50=900 (orl rat)",""
"ACETYL-CHOLINE","LD50=3,000 (orl mus)",""
"ACOLONGIFLORISIDE-E","LD50=259 ug/kg (ivn cat)",""
"ACONITINE","LD50=1 (orl rat)","52"
"ACONITINE","LDlo=2 mg (orl hmn)","MAR"
"ACRONYCINE","LD50=560-675 (orl rat)","526"
"ADENINE","LD50=745 (orl rat)","M11"
"ADIPIC-ACID","LD50=1,900 (orl mus)",""
"ADONITOXIN","LDlo=191 ug (ivn cat)",""
"AJMALICINE","LD50=400 mg/kg (orl mus)","HDN"
"AJMALINE","LDlo=75 (ipr mus)",""
"ALBITOCIN","LD50=19 mg/kg (orl gpg)","HDN"
"ALLICIN","120 mg/kg (scu mus)","M11 SHT"
"ALLICIN","LD50=60 mg/kg (ivn mus)","SHT"
"ALLIIN","LD50=20",""
"ALLYL-ALCOHOL","LD50=96 (orl mus)",""
"ALLYL-BENZYL-PIPERIDINE","LD50=68 (ipr mus)",""
"ALLYL-ISOTHIOCYANATE","LD50=339 (orl rat)","M11"
"ALPHA-TOCOPHEROL","RDA=3-12 mg/day",""
"AMBELLINE","LD50=5 mg/kg",""
"AMBOSIDE","LD50=0.827 (ivn cat)",""
"AMINOPHYLLINE","LD50=540 (orl mus)","M11"
"AMMONIA","LD50=350 (orl rat)",""
"AMYL-ALCOHOL","LD50=200 (orl mus)",""
"AMYL-ALCOHOL","LD50=3,030 (orl rat)",""
"ANABASINE","LDlo=10 (orl rat)",""
"ANDROMEDOL","LD50=0.908 mg/kg (ipr mus)",""
"ANDROMEDOTOXIN","LD50=1.28 (ipr mus)",""
"ANEMONIN","LD50=150 mg/kg (ipr mus)","CAN HH3"
"ANETHOLE","LD50=2,090 (orl rat)","CAN"
"ANETHOLE","LD50=900 (ipr rat)",""
"ANGELICIN","LD50=320 (orl rat)","JNP:39"
"ANHALINE","LDlo=2,000 (orl dog)","15"
"ANHYDROGITALIN","LDlo=0.88 (orl cat)","15"
"ANHYDROPERIPLOGENONE","LD50=1 (ivn cat)","15"
"ANISALDEHYDE","LD50=1,510 (orl rat)","15"
"ANISATIN","LD50=1.46 (mus)","CPB38:291"
"ANISODAMINE","LD50=1,600 (orl)","JNP39:445"
"ANTIARIN","LD50=1 (ivn rbt)","15"
"ANTIRHINE","LDlo=300 (orl mus)","526"
"APIOLE","LDlo=500 (scu dog)","15"
"APOATROPINE","LD50=160 (orl mus)","15"
"APOMORPHINE","LD50=145 (ipr mus)",""
"ARECOLINE","LD50=100 (scu mus)",""
"ARECOLINE","LD50=5 (scu dog)","M11"
"ARECOLINE","LDlo=65 (scu mus)","15"
"ARISTOLOCHINE","LDlo=40 (ivn cat)","15"
"ARTEMETHER","LD50=263 (ims mus)","M11"
"ARTEMISININ","LD50=2,571 (ims rat)","M11"
"ARTEMISININ","LD50=2,800-3,840 (ims mus)",""
"ARTEMISININ","LD50=4,228-5,105 (orl mus)",""
"ARTEMISININ","LD50=5,576 (orl rat)",""
"ARTESUNATE","LD50=475 (ims mus)",""
"ARTESUNATE","LD50=520-699 (ivn mus)",""
"ASARONE","LD50=275 (ipr gpg)","15"
"ASCARIDOLE","LDlo=250 (orl rat)","15"
"ASCORBIC-ACID","LD50=518 (ivn mus)","15"
"ASCORBIC-ACID","PTD=1-5 g",""
"ASCORBIC-ACID","RDA=30-95 mg/day",""
"ASCORBIC-ACID","RDA=60-100 mg/man/day","HSC25:1524"
"ASPIDOSPERMINE","LD50=40 (ipr mus)","M11"
"ASTROPHYLLIN","LD50=1,080 (ivn mus)","15"
"ATRACTYLOSIDE","LD50=431 (ims rat)","M11"
"ATROPINE","LD50=400 mg/kg (orl mus)","BBE HH3"
"ATROPINE","LD50=622-750 mg/kg (orl rat)","HH3 M11"
"ATROPINE","LD50=700 (orl)","JNP39:445"
"ATROPINE","LDlo=100 mg/man","HH3 M29"
"BENZALDEHYDE","LD50=1,000 (orl gpg)","M11"
"BENZALDEHYDE","LD50=1,300 (orl rat)",""
"BENZOIC-ACID","LD50=2,370 (orl mus)",""
"BENZYL-ACETATE","LD50=2,490 (orl rat)","M11"
"BENZYL-ALCOHOL","LD50=1,230 (orl rat)",""
"BENZYL-ALCOHOL","LD50=3,100 (orl rat)","M11"
"BENZYL-BENZOATE","LD50=1,000 (orl gpg)","M11"
"BENZYL-BENZOATE","LD50=1,400 (orl mus)","M11"
"BENZYL-BENZOATE","LD50=1,700 (orl rat)","M11"
"BENZYL-BENZOATE","LD50=1,800 (orl rbt)","M11"
"BENZYL-CINNAMATE","LD50=5,530 (orl rat)","M11"
"BENZYL-CYANIDE","LD50=270 (orl rat)",""
"BERBAMINE","LD50=75 ppm",""
"BERBAMINE","LDlo=500 (ipr rat)",""
"BERBERINE","LD50=100 mg/kg",""
"BETAINE","LD50=830 (ivn mus)",""
"BICUCULLINE","LDlo=25 (ipr mus)","CRC"
"BIFLORINE","LDlo=100 (ipr rat)",""
"BIOTIN","PTD=50 mg/day",""
"BIOTIN","RDA=50-300 ug","M29"
"BOROSIDE-D","LD50=0.11 (ivn cat)","CRC"
"BROMELAIN","LD50=20-35 (ivn rbt)","HH2"
"BROMELAIN","LD50=36 (ipr mus)",""
"BROMELAIN","LD50=>10,000 (orl rat)","PM56(3):252"
"BRUCEANTIN","LD50=1.9-2.6 (ivn mus)","M11"
"BRUCINE","LD50=1 mg/kg (orl rat)","HDN M11 HH2"
"BRUCINE","LDlo=30 mg/kg (orl hmn)",""
"BUFOTENINE","LD50=290 (ipr mus)","CRC"
"BULBOCAPNINE","LD50=195 (scu mus)","M11"
"BUTYL-ALCOHOL","LD50=4,360 (orl rat)","M11"
"BUTYL-ALCOHOL","LD50=790 (orl rat)","CRC"
"BUTYRALDEHYDE","LD50=2,490 (orl rat)","CRC"
"BUTYRALDEHYDE","LD50=5,890 (orl rat)","M11"
"BUTYRIC-ACID","LD50=2,940 (orl rat)","CRC"
"BUTYRIC-ACID","LD50=8,790 (orl rat)","M11"
"CAFFEINE","LD50=127-1,200 (orl mus)","M11 BBE"
"CAFFEINE","LD50=192 (orl rat)",""
"CAFFEINE","LD50=200 (orl rat)","M8"
"CAFFEINE","LD50=224-246 (orl rbt)",""
"CAFFEINE","LD50=247-355 (orl rat)","M11"
"CAFFEINE","LDlo=192 (orl hmn)",""
"CAJEPUTOL","LD50=2,480 (orl rat)",""
"CALCIUM","PTD=12,000 mg/day",""
"CALCIUM","RDA=400-1,200 mg/day",""
"CALOTROPIN","LD50=0.11 (ivn cat)","JBH"
"CALOTROPIN","LDlo=120 (orl cat)",""
"CALPURNINE","LD50=11-12 (ipr mus)","JNP 39:441"
"CANADINE","LD50=100 (ivn mus)","M11"
"CANADINE","LD50=790 (scu mus)","M11"
"CANADINE","LD50=940 (orl mus)",""
"CANNABINOL","LD50=666-860 (orl rat)",""
"CAPRIC-ACID","LD50=129 (ivn mus)","M11"
"CAPROIC-ACID","LD50=3,000 (orl rat)","M11"
"CAPROIC-ALDEHYDE","LD50=4,890 (orl rat)","M11"
"CAPRYLIC-ACID","LD50=10,080 (orl rat)","M11"
"CAPRYLIC-ACID","LD50=600 (ivn mus)",""
"CAPSAICIN","LDlo=1.6 (ivn cat)",""
"CAPUARINE","LDl0=500 (ipr rat)",""
"CARACURINE","LDlo=13 mg/kg","JE28:40"
"CARBAZOLE","LD50=200 (ipr mus)",""
"CARBENOXOLONE","LD50=120 (ipr mus)","M11"
"CARBENOXOLONE","LD50=198 (ivn mus)","M11"
"CARBENOXOLONE","LD50=3,200 (orl mus)","M11"
"CARENE","LD50=4,800 (orl rat)",""
"CARTHAMOIDINE","LD50=68 (ivn mus)",""
"CARVACROL","LD50=810 (orl rat)","PM&T20:213.1986 PM184.1986"
"CARVACROL","LDlo=100 (orl rbt)","PM&T20:213.1986 PM184.1986"
"CAULOPHYLLINE","LD50=21 (ivn mus)",""
"CAULOPHYLLINE","LD50=51 (ipr mus)","M11"
"CEPHAELINE","LD50=10 (ipr rat)",""
"CEPHARANTHINE","LD50=125",""
"CERBERIN","LD50=0.37 (ivn cat)",""
"CEVADINE","LD50=1 (ivn mus)",""
"CEVADINE","LD50=3.5 (ipr mus)","M11"
"CEVINE","LD50=67 (ipr rat)",""
"CHAKSINE","LD50=12-80",""
"CHAMAZULENE","LD50=3,000 (ims mus)","M11"
"CHEBULIN","LD50=550 (mus)","HHB"
"CHEIROTOXIN","LDlo=0.118 (ivn cat)","HHB"
"CHELIDONINE","LD50=35 (ivn mus)","M11"
"CHELIDONINE","LDl0=300 (scu mus)",""
"CHLOROPHYLL","LD50=400 (ipr mus)",""
"CHOLINE","LD50=200 (scu cat)",""
"CHOLINE","LD50=400 (ipr rat)",""
"CHOLINE","LD50=6,700 (orl rat)",""
"CHRYSAROBIN","LDlo=4 (ipr mus)",""
"CICUTOXIN","LDlo=7 (orl cat)",""
"CINCHONIDINE","LD50=206 (ipr rat)","M11"
"CINCHONINE","LD50=152 (ipr rat)","M11"
"CINNAMYL-ALCOHOL","LD50=2,000 (orl rat)",""
"CITRAL","LD50=4,960 (orl rat)",""
"CITRIC-ACID","LD50=975 (ipr rat)","M11"
"CITRONELLOL","LD50=4,000 (ims mus)",""
"CLEISTANTHIN","LD50=12 (orl)","MPI"
"COCAINE","LD50=17.5 (ivn rat)","BBE"
"COCAINE","LD50=250 (orl mus)","CRC"
"COCLAURINE","LD=1,000 (orl mus)","526"
"CODEINE","LD50=250-395 (orl mus)","BBE CRC"
"COLCHAMINE","LDlo=75 (ipr mus)",""
"COLCHICEINE","LD50=84 (ipr mus)",""
"COLCHICEINE","LDlo=0.043 (orl hmn)",""
"COLCHICINE","LD50=1.6 (ivn rat)",""
"COLCHICINE","LD50=4.13 (ivn mus)","M11"
"COLCHICINE","LDlo=0.186 (orl hmn)","CRC"
"COLCHICINE","LDlo=7 mg/man","M29"
"CONIINE","LDlo=75 (scu mus)",""
"CONOPHARYNGINE","LD50=145 (ivn mus)",""
"CONVALLAMARIN","LDlo=3.4 (ipr rat)",""
"CONVALLATOXIN","LD=0.077 (cat)","HHB"
"CONVALLATOXIN","LDlo=38 (ivn rat)",""
"CONVALLATOXIN","MLD=0.3 (ivn frg)","M11"
"CONVALLATOXOL","LD50=0.087 (ivn cat)","HHB"
"CONVALLOSIDE","LDlo=0.215 (ivn cat)","HHB"
"COPPER","PTD=100 mg/day",""
"COPPER","RDA=30-80 ug/kg","M29"
"CORAMINE","LD50=650 (orl rbt)",""
"CORCHOROSIDE-A","LD50=0.077 (ivn cat)",""
"CORIAMYRTIN","LD50=1 (orl mus)",""
"CORIAMYRTIN","LD50=3 (ipr mus)","M11"
"CORLUMINE","LDlo=25 (ipr rat)",""
"CORYDALINE","LD50=136 (ivn mus)",""
"CORYNANTHEDINE","LD50=550",""
"CORYNANTHEINE","LDlo=1.4 (ivn mus)",""
"CORYNANTHINE","LD50=250",""
"COTOIN","LD=8-224 (scu frg)","M11"
"COUMARIN","LD50=202 (orl gpg)","M11"
"COUMARIN","LD50=293 (orl rat)","CRC ZEB"
"COUMARIN","LD50=680 (orl rat)","M11"
"CRESOL","LDl0=8,000 mg/man","M11"
"CROTALOBURINE","LD50=83 (ivn)",""
"CRYOGENINE","LD50=55 (ipr rat)",""
"CUACHICHICINE","LDlo=10 (ivn cat)",""
"CUCUMIN","LD50=2",""
"CUCURBITACIN-A","LD50=1 mg/kg",""
"CUCURBITACIN-B","LD50=0.5 (ivn rbt)","JBH"
"CUCURBITACIN-B","LD50=5-17 (orl mus)","M11 KCH"
"CUCURBITACIN-C","LD50=1 mg/kg",""
"CUCURBITACIN-E","LD50=1 mg/kg",""
"CUCURBITACIN-E","LD50=340 (orl mus)","M11"
"CUMENE","LD50=1,400 (orl dog)","CRC"
"CUMENE","LD50=2,910 (orl rat)","M11"
"CUMINALDEHYDE","LD50=1,390 (orl rat)","M11 ZEB"
"CUMINIC-ALCOHOL","LD50=1,020 (orl rat)",""
"CURARINE","LD50=0.5 (scu dog)",""
"CURCUMIN","LDlo=>2,000 mg/kg (orl mus)","MAR"
"CYANACOBALAMIN","LDlo=3 (ipr mus)",""
"CYCASIN","LDlo=400 (orl rat)",""
"CYCLEANINE","LD50=2.9",""
"CYMARIN","LD50=25 (ivn rat)","M11"
"CYMARIN","LDlo=0.13 (ivn cat)","M11"
"CYMAROL","LDlo=0.099 (ivn cat)",""
"CYTISINE","LD50=1.73 (ivn mus)","M11"
"CYTISINE","LD50=101 (orl mus)","M11"
"CYTISINE","LD50=4 (scu dog)","52"
"CYTISINE","LD50=9.4 (ipr mus)","M11"
"DAMASCENINE","LD50=1,800 (orl mus)","M11"
"DANTHRON","LD50=500 (ipr mus)","M11"
"DAURICINE","LD50=205 (ipr)","JNP54:724"
"DECAMINE","LD50=368 (orl mus)",""
"DECANAL","LD50=3,730 (orl rat)",""
"DECANOIC-ACID","LD50=129 (ivn mus)",""
"DECYL-ALCOHOL","LD50=4,720 (orl rat)",""
"DELPHININE","LD50=500 (scu mus)",""
"DEMECOLCINE","LDlo=6 (ivn rat)",""
"DESASPIDIN","LD50=340 (orl rat)","M11"
"DESERPIDINE","LD50=500 (orl mus)",""
"DESGLUCOCHEIROTOXIN","LD=0.0964 (cat)","HHB"
"DIABOLINE","LD50=150 (ipr mus)",""
"DIABOLINE","LD50=29 (ivn mus)",""
"DIABOLINE","LD50=486 (scu mus)","JE28:40"
"DIACETYL","LD50=1,580 mg/kg (orl rat)","ZEB"
"DICHROINE","LD50=2.74 (orl mus)",""
"DICOUMAROL","LD50=5,000 (orl rat)","CRC"
"DICUMAROL","LD50=542 (orl rat)","M11"
"DIGITOXIN","LD50=0.1-23.8 (orl rat)","BBE CRC"
"DIGITOXIN","LD50=0.18 (orl cat)","M11"
"DIGITOXIN","LD50=60-100 (orl gpg)","BBE M11"
"DIGITOXOSIDE","LD50=0.4 (ivn cat)",""
"DIGOXIN","LD50=0.2 (orl cat)",""
"DIHYDROCANTHINE","LDlo=100 (ipr mus)","526"
"DIHYDROKAWAIN","LD50=920 mg/kg (orl mus)","MAB"
"DIMETHYL-AMINE","LD50=4,000 (ivn rbt)","M11"
"DIMETHYL-AMINE","LD50=698 (orl rat)",""
"DIMETHYLTRYPTAMINE","LD50=43 (ivn mus)",""
"DIOSCINE","LD50=100 mg/kg",""
"DIOSCORETINE","LD50=580","PM56(3):264"
"DIOSCORINE","LD50=60 mg/kg",""
"DIOSPHENOL","LD50=170 (orl rat)","M11"
"DIOSPHENOL","LD50=212 (orl rat)","M11"
"DIOSPYROL","LD50=>3,000 (orl)","W&W"
"DIVARICOSIDE","LD50=0.165 (ivn cat)",""
"DODECYL-ALCOHOL","LD50=800 (ipr rat)",""
"DONAXINE","LD50=122 (ipr mus)",""
"DOPA","LD50=582 (orl rat)",""
"DREGAMINE","LD50=25 (ivn mus)",""
"ECHIMIDINE","LD50=200","HG25:22"
"ECHINOPSINE","LD100=600 (uns mus)","M11"
"ECHUBIOSIDE","LD50=0.29 (ivn cat)",""
"ECHUJIN","LD=0.3 mg/kg (ivn cat)",""
"ELAIDIC-ACID","LDlo=512 (ipr mus)",""
"ELLIPTICINE","LD50=178-204 (orl mus)","M11"
"ELLIPTICINE","LD50=19.5-22.4 (ipr mus)","M11"
"EMETINE","LD50=10-25 mg/kg",""
"EMETINE","LD50=32 (scu mus)","M11"
"EMETINE","LDlo=20 (orl gpg)",""
"ENANTHOTOXIN","LD50=0.83 (ipr mus)","M11"
"ENANTHOTOXIN","LD50=2.94 (ipr rat)","M11"
"ENCECALIN","LD50=2 umol/g diet","PM55(7):657"
"EPHEDRINE","LD50=400-1,550 (orl mus)","BBE CRC"
"EPINEPHRINE","LD50=4 (ipr mus)","M11"
"ERGOMETRINE","LDlo=0.5 (scu rat)",""
"ERGOSTEROL","LDlo=4 (orl dog)",""
"ERYSODINE","LD50=155 (orl mus)",""
"ERYSOPINE","LD50=18 (orl mus)",""
"ERYSOTHIOPINE","LD50=76 mg/kg (scu mus)",""
"ERYTHRALINE","LD50=80 mg/kg (orl mus)",""
"ERYTHRAMINE","LD50=104 (scu mus)",""
"ESCIN","LD50=134 (orl mus)",""
"ESTRAGOLE","LD50=1,250 (orl mus)","M11"
"ESTRAGOLE","LD50=1,820 (orl rat)","M11"
"ESTROGENS","LDL-lytic","SN140:262"
"ETHANOL","LD50=6,300 (orl rbt)",""
"ETHANOL","LD50=7,060-10,600 (orl rat)","M11"
"ETHANOL","LDlo=2,000 (orl chd)",""
"ETHYL-AMINE","LDlo=400 (orl rat)",""
"EUCALYPTOL","LD50=1,700-2,480 (orl rat)",""
"EUGENOL-METHYL-ETHER","LD50=1,179 (orl rat)",""
"EUGENOL","LD50=2,680 (orl rat)","CRC(FNS)"
"EUGENOL","LD50=3,000 (orl mus)",""
"EUGENOL","LDlo=500 (orl rat)",""
"EVONOSIDE","LDlo=0.839 (ivn cat)",""
"FANGCHINOLINE","LD50=>50","BPCC"
"FENCHONE","LD50=4,400 (orl rat)",""
"FENCHONE","LD50=6,160 (orl rat)","M11"
"FERULIC-ACID","LD50=416 (ivn mus)","CPB38:1623"
"FERULIC-ACID","LDlo=1,200 (par mus)",""
"FIBER","RDA=20-35 g/day","HSC25:1488"
"FICIN","LD50=10,000 (orl rat)","M11"
"FICIN","LD50=5,000 (orl rat)",""
"FISETIN","LD50=180 (ipr mus)","M11"
"FLAVASPIDIC-ACID","LD50=690 (orl mus)","M11"
"FLUORIDE","PTD=4-20 mg/day",""
"FOLACIN","PTD=400 mg/day",""
"FOLACIN","RDA=25-400 ug/day",""
"FOLIC-ACID","LD50=100 (ipr mus)",""
"FOLIC-ACID","RDA=400-800 ug/day","DAS"
"FORMALDEHYDE","LD50=800 (orl rat)",""
"FORMALDEHYDE","LDlo=36 (orl wmn)",""
"FORMIC-ACID","LD50=1,100 (orl mus)","M11"
"FORMIC-ACID","LD50=1,210 (orl rat)",""
"FUMARIC-ACID","LD50=200 (ipr mus)",""
"FUMARILINE","LD50=525 mg/kg (ipr)","PM p 324.1986"
"FUNTUMIDENE","LD50=21 (ivn mus)",""
"FUNTUMINE","LD50=30 (ivn mus)","M11"
"FURFURAL","LD50=127 (orl rat)","CAN"
"FURFURYL-ALCOHOL","LD50=275 (orl rat)","M11"
"GALANTHAMINE","LD50=5 mg/kg",""
"GALANTHAMINE","LD50=8.0-18.7 (orl mus)","M11"
"GALEGINE-SULFATE","LD50=122 (orl mus)","CRC"
"GALLIC-ACID","LD50=5,000 (orl rbt)","M11"
"GARRYFOLINE","LD50=16 (ivn mus)",""
"GARRYINE","LD50=13 (ivn mus)",""
"GELSEMICINE","LD=60 ppb (rat)",""
"GELSEMINE","LD50=4mg/kg (ivn rat)",""
"GENTISIC-ACID","LD50=800 (orl rat)",""
"GERANIOL","LD50=3,600 mg/kg (orl rat)","ZEB"
"GERMACRONE","LDlo=>750 mg/kg (orl mus)","CPB38:1048"
"GERMERINE","LD50=30 (orl rat)",""
"GINSENOSIDE-RB-1","LD50=1,208 (ipr mus)","JAD"
"GINSENOSIDE-RB-2","LD50=305 (ipr mus)","CAN"
"GINSENOSIDE-RC","LD50=410 (ipr mus)",""
"GINSENOSIDE-RD","LD50=324 (ipr mus)","CAN"
"GINSENOSIDE-RE","LD50=405 (ipr mus)",""
"GINSENOSIDE-RF","LD50=1,340 (ipr mus)","JAD"
"GINSENOSIDE-RG-1","LD50=1,600 (ipr mus)","JAD"
"GINSENOSIDE-RG","LD50=1,250 (ipr mus)","JAD"
"GITALIN","LDlo=29 (scu mus)",""
"GITORIN","LD50=0.43 (ivn cat)",""
"GITOXIN","LD50=21 (ivn rat)","M11"
"GITOXIN","LD50=6.4 (ipr mus)","M11"
"GITOXIN","LDlo=0.88 (orl cat)",""
"GLAUCINE-PHOSPHATE","LD50=401 (orl mus)","M11"
"GLAUCINE-PHOSPHATE","LD50=98 (ivn mus)","M11"
"GLAUCOLIDE-B","LD80=100","PM56(3):271"
"GLUCOSCILLAREN-A","LD=0.172 (cat)","HHB"
"GLUCOSCILLIPHAEOSIDE","LD=0.111 (cat)","HHB"
"GLYCERALDEHYDE","LD50=2,000 (ipr rat)",""
"GLYCEROL","LD50=7,750 (orl gpg)",""
"GLYCEROL","LD50=>20 ml/kg (orl rat)","M11"
"GLYCOLIC-ACID","LD50=1,950 (orl rat)","M11"
"GOFRUSIDE","LD=3",""
"GOSSYPOL","LD50=2,315-2,570 (orl rat)","52"
"GOSSYPOL","LD50=550 (orl pig)",""
"GOSSYPURPURIN","LD50=6,680",""
"GOSSYVERDURIN","LD50=660",""
"GRAMINE","LD50=122 (ipr mus)",""
"GRAYANOTOXIN-I","LD50=0.84 (ipr mus)","M11"
"GRAYANOTOXIN-I","LD50=1.31 (ipr mus)","M11"
"GRAYANOTOXIN-I","LD50=26.1 (ipr mus)","M11"
"GUAIACOL","LD50=725 mg/kg (orl rat)","M11 ZEB"
"GUANIDINE","LDlo=500 (orl rbt)",""
"GUANINE","LDlo=200 (ipr mus)",""
"HARMINE","LD50=38 (ivn mus)","M11"
"HARPAGIDE","LD50=3,200 (ipr)",""
"HARPAGOSIDE","LD50=1,000 (ipr)",""
"HCN","LD50=3.7 (orl mus)",""
"HCN","LD=50-100 mg/man","M29"
"HCN","LDlo=0.570 (orl hmn)",""
"HCN","LDlo=4 (orl dog)",""
"HELENALIN","LD50=150 (orl mus)","M11"
"HELIOTRINE","LD50=350 (ipr mus)","FEA"
"HELLEBRIN","LDlo=0.85 uM/kg","M11"
"HELVETICOSIDE","LD100=0.104 (ivn cat)","M11"
"HESPERIDIN","LD50=1,000 (ipr mus)",""
"HEXANAL","LD50=4,890 (orl rat)",""
"HEXANOL","LD50=720 (orl rat)",""
"HIMANDRAVINE","LD=1,500 (orl mus)","526"
"HIMANDRIDRINE","LD=500 (orl mus)","526"
"HIMANDRINE","LD50=34 (ivn mus)","526"
"HIMANDRINE","LD=100-250 mg/kg (orl mus)","526"
"HIMBACINE","LD50=213-425 (orl mus)","526"
"HIMBADINE","LDlo=500 (orl mus)","526"
"HIMBELINE","LD=1,000 (orl mus)","526"
"HIMBOSINE","LD=2000 (orl mus)","526"
"HIMGALINE","LD=1,000 (orl mus)","526"
"HIMGRAVINE","LD=500 mg/kg (orl mus)",""
"HISTAMINE","LD50=2,000 (ipr mus)","BBE"
"HODGKINSINE","LDlo=2,000 (orl mus)","526"
"HORDENINE","LD50=113.5 (uns mus)","M11"
"HOVEINE-HCL","LD=5 (ivn dog)","526"
"HYDNOCARPIC-ACID","LDlo=100-125 (ivn mus)","M11"
"HYDROQUINONE","LD50=320 (orl rat)","M11"
"IBOGAINE","LD50=42 (ivn mus)",""
"IBOGALINE","LD50=46 (ivn mus)",""
"IMPERATORIN","LDlo=600 (par mus)",""
"INDOLE","LD50=1,000 mg/kg (orl rat)","M11 ZEB"
"INSULARINE-DIMETHIODIDE","LD50=10","BPCC"
"IODINE","PTD=2 mg/day",""
"IODINE","RDA=40-200 ug/day",""
"IONONE","LD50=4,590 (orl rat)",""
"IRON","PTD=100 mg/day",""
"IRON","RDA=6-30 mg/day",""
"ISATIDINE","LD50=835 (ivn mus)",""
"ISOBUTYL-ALCOHOL","LD50=2,460 (orl rat)","M11"
"ISOBUTYRALDEHYDE","LD50=2,810 (orl rat)",""
"ISOBUTYRALDEHYDE","LD50=3,700 (orl rat)","M11"
"ISOBUTYRIC-ACID","LD50=280 mg/kg (orl rat)","ZEB"
"ISOCHAKSINE","LD50=56 (ipr rat)",""
"ISOEUGENOL","LD50=1,560 (orl rat)","M11"
"ISORESERPILINE","LD=600 (orl mus)",""
"ISOSAFROLE","LD50=1,340 (orl rat)",""
"ISOTHIOCYANATE","LD50=120",""
"ISOVALERIC-ACID","LD50=1,120 (ivn mus)","M11"
"ISOVALERIC-ACID","LDlo=3,200 (orl rat)",""
"ISOVOACANGINE","LD50=75 (ivn mus)",""
"JACOBINE","LD50=77 (ivn mus)",""
"JATAMANSONE","LD50=350 (ipr mus)","MPI"
"JERVINE","LD50=9.3 (ivn mus)","M11"
"JUGLONE","LD50=2.5 (orl mus)","CRC"
"KHELLIN","LD50=80 (orl rat)","M11"
"LACTIC-ACID","LD50=3,730 mg/kg (orl rat)","M11 ZEB"
"LACTOSE","LDlo=1,500 (ivn rbt)",""
"LAPACHOL","LD50=487-792 (orl mus)","M11"
"LAPACHOL","LDlo=1,200 (orl rat)",""
"LAPPACONITINE","LD50=20 (orl mus)","M11"
"LAPPACONITINE","LD50=6.9 (ivn mus)","M11"
"LAPPACONITINE","LD50=9.1 (ipr mus)",""
"LASIOCARPINE","LD50=150 (orl rat)",""
"LAURIC-ACID","LD50=131 (ivn mus)","M11"
"LEPTOSIDE","LD50=1.9mg/kg (ivn cat)",""
"LEUCOMYCIN","LD50=650 (ivn mus)",""
"LEUROCRISTINE","LD50=1.3 (ivn rat)",""
"LINALOOL","LD50=2,790 mg/kg (orl rat)","ZEB"
"LINDLEYIN","LD50=1,260 (ipr mus)","IJO16:197"
"LINDLEYIN","LD50=2,190 (orl mus)","IJO16:197"
"LINDLEYIN","LD50=395 (ivn mus)","IJO16:197"
"LOBELINE","LD50=40 (ipr mus)",""
"LONGILOBINE","LD50=78 (ivn mus)",""
"LORAJMINE","LD50=370 (orl mus)",""
"LORAJMINE","LD50=480 (orl rat)","M11"
"LUNARINE","LDlo=62 (ivn mus)",""
"LUPULONE","LD50=1,800 (orl rat)",""
"LUTEIDINE","LD50=250 (ipr)","JNP39: 440"
"LYSINE","LD50=181 (ivn mus)",""
"MAGNESIUM","PTD=6,000 mg/day",""
"MAGNESIUM","RDA=40-400 mg/day",""
"MALEIC-ACID","LD50=708 (orl rat)",""
"MALIC-ACID","LDlo=1,600 (orl rat)",""
"MALONIC-ACID","LD50=1,310 (orl rat)",""
"MALTOL","LD50=1,440 (orl rat)",""
"MALTOSE","LDlo=200 (ipr mus)",""
"MANDELONITRILE","LD50=116 (orl rat)",""
"MANGANESE","RDA=4 mg/day","DAS"
"MANGIFERIN","LD50=365 mg/kg (ipr rat)","MPI"
"MANSONIN","LD50=0.15 (ivn cat)",""
"MAYTANSINE","LD50=0.48 (scu rat)","M11"
"MELILOTIN","LD50=1,460 (orl rat)",""
"MENADIONE","LDlo=230 (orl rbt)",""
"MESCALINE","LD50=132-1,180 (orl mus)","BBE 52"
"MESCALINE","LD50=370-500 (ipr mus)","BBE M11"
"METHANETHIOL","LD50=2.4 (scu mus)",""
"METHANOL","LDlo=100-200 ml/man","MAR"
"METHANOL","LDlo=340 (orl man)",""
"METHYL-ANTHRANILATE","LD50=2,910 (orl rat)",""
"METHYL-P-COUMARATE","LD50=15ug/ml","PC23(9):2096.1984"
"METHYL-SALICYLATE","LD50=1,110 (orl mus)",""
"METHYL-SALICYLATE","LD50=30 ml (orl man)","M11"
"METHYL-SALICYLATE","LD50=4 ml (orl chd)",""
"METHYL-SALICYLATE","LD50=887 (orl rat)","M11"
"METHYL-SALICYLATE","LDlo=170 (orl hmn)",""
"METHYL-AMINE","LDlo=2,500 (scu mus)",""
"MILLOSIDE","LD50=1.3 (ivn cat)",""
"MOGROSIDE","LDlo=>2,000 (orl mus)",""
"MONOCROTALIC-ACID","LD50=606 (ivn mus)",""
"MONOCROTALINE","LD50=66 (orl rat)",""
"MONOCROTALINE","LD50=71 (orl rat)","M11"
"MONOCROTALINE","LD=50mg/kg (ipr ims)","V&D"
"MORPHINE","LD50=745 (orl mus)",""
"MYRISTIC-ACID","LD50=43 (ivn mus)","M11"
"MYRISTICIN","LDlo=570 (orl cat)",""
"N,N-DIETHYLAMINO-ETHYLAMINOCANTHIN-6-ONE","LD=1,000 (orl mus)","526"
"N-ACETYL-O-METHYLSTRYCHNOSPLENDINE","LDlo= 75mg/kg (ivn mus)","JE28:39"
"N-METHYL-CROTSPARINE","LD50=275 (ipr mus)",""
"NAPHTHALENE","LD50=1,780 (orl rat)",""
"NAPHTHALENE","LDlo=100 (orl chd)",""
"NAPHTHALENE","LDlo=2 g/orl/chd","M29"
"NARCOTINE","LD50=750 (ipr rat)",""
"NEOANISATIN","LD50=1 mu","CPB38:291"
"NEOGERMITRINE","LD50=0.51 (ipr mus)",""
"NEOMAJUCIN","LD50=14 mu","CPB38:422"
"NERIFOLIN","LD50=30 ppm diet","481"
"NERIIFOLIN","LD50=0.196 ppm (cat)","481"
"NERIIN","LDlo=95 (scu mus)",""
"NIACIN","LD50=5,000 (orl mus)",""
"NIACIN","LDlo=4,000 (scu mus)",""
"NIACIN","PTD=1,000 mg/day",""
"NIACIN","RDA=5-20 mg/day",""
"NICOTINAMIDE","LD50=3,500 (orl rat)",""
"NICOTINE","LD50=3-230 (orl mus)","BBE CRX HDN M11"
"NICOTINE","LD50=55 mg/kg (orl rat)","BBE"
"NICOTINE","LDlo=1 mg/kg (orl hmn)",""
"NICOTINE","LDlo=30-60 mg/man","MAR"
"NIMBIDIN","LD50=>2,000","PM2:146"
"NIMBINATE(SODIUM)","LD50=700 (ipr)",""
"NONANOIC-ACID","LD50=3,200 (orl rat)",""
"NONYL-ALCOHOL","LDlo=1,400 (orl rat)",""
"NORADRENALIN","LD50=20 (orl mus)",""
"NORFLUOROCURARINE","LD50=7.5 (ivn mus)","JE28:41"
"NORMACUSINE-B","LD50=70 (ivn mus)","JE28:41"
"NOR-MACUSINE","LD50=70 (ivn mus)","JE28:41"
"NOSCAPINE","LD50=83 (ivn mus)",""
"NEPHRITIC","LD50=190 mg/kg (ipr mus)","PM56(1):66"
"O-METHOXYCINNAMALDEHYDE","LD50=>5,000","JNP 49:156. 1986"
"O-METHYL-DAURICINE","LD50=>150",""
"O-METHYL-THALICBERINE","LD50=125","BPCC"
"OCHROPAMINE","LD=1,000 (orl mus)","526"
"OCHROPINE","LD=1,000 (orl mus)","526"
"ODOROBIOSIDE-K","LD50=2.3 (ivn cat)",""
"ODOROSIDE-K","LD50=4.7 (ivn cat)",""
"OENANTHOTOXIN","LD50=0.85 mg/kg (mus)","HHB"
"OLEANDRIN","LD50=0.3 (ivn cat)","52 M11"
"OLEIC-ACID","LD50=230 (ivn mus)","M11"
"OLEIC-ACID","LDlo=50 (ivn cat)",""
"ORCINOL","LD50=844 (orl rat)",""
"OUABAIN","LD50=14-17 (ivn rat)","BBE M11"
"OXALIC-ACID","LDlo=700-30,000 (orl hmn)","FNF HH3 NIG"
"OXYACANTHINE","LDlo=250 (ipr rat)",""
"PACHYCARPINE","LD50=26 (ivn mus)",""
"PALMITIC-ACID","LD50=57 (ivn mus)","M11"
"PANTOTHENIC-ACID","LD50=3,400 (scu rat)",""
"PANTOTHENIC-ACID","LD50=820 (ipr rat)",""
"PANTOTHENIC-ACID","PTD=1,000 mg/day",""
"PANTOTHENIC-ACID","RDA=4-10 mg/day/orl/man","M29"
"PAPAVERINE","LD50=150 (scu mus)","M11"
"PAPAVERINE","LD50=20 (ivn rat)","M11"
"PAPAVERINE","LD50=27.5 (ivn mus)","M11"
"PAPAVERINE","LD50=33 (ivn mus)","CPB38:1623"
"PAPAVERINE","LD50=350-2,500 (orl mus)","BBE CRC"
"PAPAVERINE","LD50=370 (scu rat)","M11"
"PARASORBIC-ACID","LD50=750 (ipr mus)","M11"
"PAULIOSIDE","LDlo=0.71 (ivn cat)",""
"PECTIN","LDlo=1,800 (unk mus)",""
"PELLOTINE","LDlo=90 (scu rat)",""
"PENTADECANOIC-ACID","LD50=54 (ivn mus)",""
"PERILLAKETONE","LD50=10 (ipr rat)","M11"
"PERILLAKETONE","LD50=2.5-6 (ipr mus)","M11"
"PERILLALDEHYDE-OXIME","LD50=2,500 (orl rat)","M11"
"PERIPLOCIN","LD=10 (scu rbt)","M11"
"PETALINE","LDlo=3 (ivn mus)",""
"PEUCEDANIN","LD50=315 (orl mus)","M11"
"PHENETHYL-ALCOHOL","LD50=1,790 (orl rat)","M11"
"PHENETHYLAMINE","LDlo=800 (orl rat)",""
"PHENOL","LD50=530 (orl rat)","CRC(FNS)"
"PHENOL","LDlo=140 (orl hmn)",""
"PHENYLALANINE","RDA=2,200 man","M11"
"PHLOROGLUCINOL","LD50=4,050 (ipr mus)","M11"
"PHLOROGLUCINOL","LD50=4,550 (orl mus)","M11"
"PHLOROGLUCINOL","LD50=5,520 (scu mus)","M11"
"PHOSPHORUS","PTD=12,000 mg/day",""
"PHOSPHORUS","RDA=300-1,200 mg/day",""
"PHTHALIC-ACID","LDlo=4,600 (orl rat)",""
"PHYSALIN-D","LD50=>1,000 (ipr)",""
"PHYSOSTIGMINE-SALICYLATE","LD50=0.64 (ipr mus)","M11"
"PHYSOSTIGMINE","LD50=4.5 (orl mus)","M11"
"PICROPODOPHYLLIN","LD50=280 (ipr mus)",""
"PICROTIN","LD50=135 (ipr mus)","M11"
"PICROTOXIN","LD50=15 (orl mus)",""
"PICROTOXIN","LD50=7.2 (ipr mus)","M11"
"PICROTOXIN","MLD=4 (ivn mus)","52"
"PICROTOXININ","LD50=3 (ipr mus)",""
"PILOCARPINE","LD50=911 (orl rat)",""
"PINELLIN","LD50=175",""
"PIPERIDINE","LD50=0.52 ml/kg","M11"
"PIPERIDINE","LD50=400 (orl rat)",""
"PIPERONAL","LD50=2,700 (orl rat)",""
"PLUMBAGIN","LD50=10mg/kg (uns rbt)",""
"PLUMBAGIN","LD50=15 (ipr mus)","M11"
"PLUMIERIDE","LD50=4,200 (ipr)","MPI"
"PODOPHYLLIC-ACID","LD50=899 (orl mus)",""
"PODOPHYLLIN","LD50=58 mg/kg PAM",""
"PODOPHYLLOTOXIN","LD50=15 (ipr rat)","M11"
"PODOPHYLLOTOXIN","LD50=8.7 (ivn rat)","M11"
"PODOPHYLLOTOXIN","LD50=90 (orl mus)","15"
"PONGAMOL","LD50=17mg/kg","IJA59:657"
"PRECOCENE","LD50=1umol/g diet","PM55(7):657"
"PROPANETHIOL","LD50=1,790 (orl rat)",""
"PROPIONALDEHYDE","LD50=1,400 (orl rat)","M11"
"PROPIONALDEHYDE","LDlo=800 (orl rat)",""
"PROPIONIC-ACID","LD50=1,510 (orl rat)",""
"PROPIONIC-ACID","LD50=4,290 (orl rat)","M11"
"PROPYL-GALLATE","LD50=3,800 (orl rat)","M11"
"PROPYLAMINE","LDlo=570 (orl rat)","M11"
"PROSCILLARIDIN-A","LD50=56-76 (orl rat)","M11"
"PROSTAGLANDIN-F2","LD50=2.5-5 (ims rbt)","M11"
"PROSTAGLANDIN-F2","LD50=2.5-5 (ivn rbt)","M11"
"PROTOANEMONIN","LD50=190 mg/kg (ipr mus)","PM56(1):66"
"PROTOPINE","LDlo=100 (ipr rat)","15"
"PROTOVERATRINE","LD50=5 (orl rat)","15"
"PSEUDOEPHEDRINE","LD50=2,206 mg/kg (orl rat)","PDR45"
"PSEUDOEPHEDRINE","LD50=726 mg/kg (orl mus)","PDR45"
"PSEUDOEPHEDRINE","LDlo=116 (orl mus)","BBE"
"PTEROPHINE","LD50=58 (ivn mus)","15"
"PTEROSTILBENE","LDlo=30 mg/kg (dog)","MPI"
"PTERYGOSPERMIN","LD50=375 mg/kg",""
"PYRETHRIN-I","LD50=1,200 (orl rat)","M11"
"PYRETHRIN-II","LD50=1,200 (orl rat)","M11"
"PYRETHRUM","LD50=200 (orl rat)",""
"PYRIDINE","LD50=1,580 (orl rat)","M11"
"PYRIDINE","LD50=891 (orl rat)",""
"PYRIDOXINE","MDR=2 mg/day/orl/man","M29"
"PYRIDOXINE","PTD=100-200mg/day",""
"PYRIDOXINE","RDA=2 mg/day/orl/man","M29"
"PYROCATECHOL","LD50=190 (ipr mus)","M11"
"PYROCATECHOL","LD50=260 (orl mus)","M11"
"PYROCATECHOL","LD50=3,890 (orl rat)","BBE"
"PYROGALLOL","LD50=1,100-1,600 (orl rbt)","BBE M11"
"PYROGALLOL","LD50=787 (orl rat)",""
"PYRROLIDINE","LD50=300 (orl rat)",""
"QUERCITRIN","LDlo=200 (ipr mus)",""
"QUILLAIC-ACID","LDlo=0.4 mg/ kg (inm cat)",""
"QUILLAIC-ACID","LDlo=>2,000 (orl cat)",""
"QUINALDINE","LD50=1,230 (orl rat)",""
"QUINIC-ACID","LD50=10,000 (scu mus)",""
"QUINIDINE-POLYGALACTURONATE","LD50=2,680 (orl mus)","M11"
"QUINIDINE-POLYGALACTURONATE","LD50=3,200 (orl rat)","M11"
"QUINIDINE-SULFATE","LD50=456 (orl rat)","M11"
"QUINIDINE-SULFATE","LD50=56 (ivn rat)","M11"
"QUINIDINE-SULFATE","LD50=700 (orl mus)","M11"
"QUINIDINE-SULFATE","LD50=83 (ivn mus)","M11"
"QUINIDINE","LD50=1,000 mg/kg (orl rat)","BBE CRx"
"QUININE","LDlo=300 (orl gpg)",""
"QUININE","LDlo=8,000 mg/man","LAF"
"QUINOLINE","LD50=460 (orl rat)","M11"
"RESCINNAMINE","LD50=1,420 (orl mus)",""
"RETRONECINE","LD50=634 (ivn mus)","M11"
"RETRORSINE","LD50=59 (ivn mus)",""
"RETRORSINE","MLD=100","52"
"RIBOFLAVIN","LD50=340 (ipr mus)","M11"
"RIBOFLAVIN","LD50=5,000 (scu rat)",""
"RIBOFLAVIN","LD50=560 (ipr rat)",""
"RIBOFLAVIN","PTD=1,000 mg/day",""
"RIBOFLAVIN","RDA=0.4-1.8 mg/day",""
"RICIN","LDlo=100 (orl rat)",""
"RICIN","LDlo=300 ng/kg (ivn)","M29"
"RIDDELLINE","LD50=105 (ivn mus)",""
"ROTENONE","LD50=132 (orl rat)","M11"
"ROTENONE","LD50=2.8 (ipr mus)",""
"ROTENONE","LD=0.5mg/kg (ivn dog)",""
"ROTENONE","LD=300mg/kg (orl dog)",""
"ROTENONE","LDlo=400mg/kg",""
"RUBIJERVINE","LD50=70 (ivn mus)","M11"
"RUTIN","LD50=950 (ivn mus)","M11"
"RYANODINE","LD50=0.30-0.35 (ipr rat)",""
"RYANODINE","LD=100 ppb (ivn dog)",""
"S-METHYL-L-CYSTEINE","LDlo=500 (ipr mus)",""
"SAFROLE","LD50=1,950 (orl rat)",""
"SAFROLE","LD50=2,350 (orl mus)","M11"
"SALICIN","LD50=1,890 (orl rat)",""
"SALICYLALDEHYDE","LDlo=1,000 (scu rat)","M11"
"SALICYLAMIDE","LD50=1,400 (orl mus)","M11"
"SALICYLIC-ACID","LD50=500 (ivn mus)","M11"
"SALICYLIC-ACID","LD50=891 (orl rat)",""
"SALICYLIC-ACID","LDlo=450 (orl dog)",""
"SALSOLINE","LD50=140 (ivn mus)","M11"
"SALSOLINE","LD50=>1,000 (orl mus)","M11"
"SANGUINARINE","LD50=1,658 (orl rat)","M11"
"SANGUINARINE","LD50=16-102 (ivn mus)","KCH M11"
"SANGUINARINE","LD50=18 (ipr mus)",""
"SANGUINARINE","LD50=292 (ivn rat)",""
"SAPONINS","LDlo=3,000 (orl mus)",""
"SARMENTOSIDE-A","LD50=0.1 (ivn cat)",""
"SARMUTOSIDE","LD50=0.48 (ivn cat)",""
"SARRACINE","LD=2000 (orl mus)","526"
"SCELERATINE","LD50=139 (ivn mus)",""
"SCHELHAMMERIDINE","LD=500 (orl mus)","526"
"SCILLAREN-A","LD50=0.17 (ivn cat)",""
"SCILLAREN-B","LDlo=0.14 (ivn cat)",""
"SCILLAREN","LDlo=0.9 (orl rbt)","M11"
"SCILLARENIN-A","LDlo=0.156 (ivn cat)","HHB"
"SCILLARENIN-BETA-D-GLUCOSIDE","LDlo=0.112 (ivn cat)","HHB"
"SCILLARENIN","LDlo=0.16 (ivn cat)",""
"SCILLARIDIN-A","LDlo=1.72 (ivn cat)","HHB"
"SCILLAZUROSIDE","LDlo=0.081 (ivn cat)","HHB"
"SCILLICOELOSIDE","LDlo=0.073 (ivn cat)","HHB"
"SCILLICYANOSIDE","LDlo=0.1 (ivn cat)","HHB"
"SCILLIGLAUCOSIDE","LDlo=0.069 (ivn cat)","HHB"
"SCILLIKRYPTOSIDE","LDlo=0.107 (ivn cat)","HHB"
"SCILLIPHAEOSIDE","LDlo=0.087 (ivn cat)","HHB"
"SCILLIROSIDE","LD50=0.44 (orl rat)","M11"
"SCILLIROSIDE","LD50=0.471 (scu mus)","M11"
"SCILLIROSIDE","LDlo=0.12 (ivn cat)","HHB"
"SCILLIROSIDIN","LDlo=0.0708 (ivn cat)","HHB"
"SCILLIRUBROSIDE","LDlo=0.18 (ivn cat)","HHB"
"SCILLIRUBROSIDINE","LDlo=0.495 (ivn cat)","HHB"
"SCOPOLAMINE","LD50=590-1,700 (scu mus)","BBE CRD"
"SCOPOLAMINE","LD50=153 (ivn mus)","BBE"
"SCOPOLAMINE","LD50=17 mg/kg (ivn rat)","52"
"SEBACIC-ACID","LD50=14,470 (orl rat)","M11"
"SEBACIC-ACID","LD50=500 (ipr mus)",""
"SELENIUM","PTD=1 mg/day",""
"SELENIUM","RDA=10-75 ug/day",""
"SENECIONINE","LD50=64 (ivn mus)","M11"
"SENECIPHYLLINE","LDlo=60 (ivn rat)",""
"SEROTONIN","LD50=117 (ipr rat)","BBE"
"SHIKIMIC-ACID","LD50=1,000 (ipr mus)","M11"
"SIMMONDSIN","LD50=4,000 (orl rat)",""
"SINOMENINE","LD50=580 (orl mus)",""
"SOMALIN","LD=0.3",""
"SORBIC-ACID","LD50=7,360","M11"
"SPECTABILINE","LD=50mg/kg (ipr ims)","V&D"
"SPINOSIN","LD50=>2,000 (ipr mus)","FT61:277.1990"
"SPRINTILLAMINE","LDlo=1 (scu mus)",""
"SPRINTILLIN","LDlo=1 (scu mus)",""
"STEARIC-ACID","LD50=22 (ivn rat)",""
"STROBOSIDE","LDlo=0.25 (ivn cat)",""
"STROPHANTHIDIN","LD100-0.337 (ivn cat)","M11"
"STROPHANTHIN","LDlo=0.11 (ivn cat)","M11"
"STROPHANTHIN","LDlo=9.4 (ivn rat)","M11:"
"STROSPESIDE","LD=0.6",""
"STRYCHNINE-SULFATE","LDlo=50-100mg/man/","MAR"
"STRYCHNINE","LD50=16 (orl rat)",""
"STRYCHNINE","LD50=O.96 (ivn rat)",""
"STRYCHNINE","LDlo=20 mg/orl/chd","MAR"
"STYRENE","LD50=316 (orl mus)",""
"STYRENE","LD50=5,000 (orl rat)",""
"STYRENE","LD50=660 (ipr mus)","M11"
"STYRENE","LD50=90 (ivn mus)","M11"
"SUCCINIC-ACID","LD50=8,530 (orl rat)","M11"
"SUCCINIC-ACID","LDlo=2,000 (scu frg)",""
"SURANGIN-B","LD50=50 (ipr mus)","W&W"
"SYMPHYTINE","LD50=300","HG25:22"
"TABERNANTHINE","LD50=38 (ivn mus)",""
"TANGHINIFERIN","LD50=0.9 (ivn cat)",""
"TANGHINIGENIN","LD50=1 (ivn cat)","M11"
"TANGHININ","LD50=0.4 (ivn cat)","M11"
"TANNIC-ACID","LD100=6,000 (orl mus)","M11"
"TANNIC-ACID","LDlo=2,000 (orl mus)",""
"TARTARIC-ACID","LDlo=5,000 (orl dog)",""
"TAXINE-B","LD50=4.5 (rat)",""
"TAXINE","LD=2-3mg/kg (ivn)",""
"TAZETTINE","LD=71",""
"TECOMINE","LD50=300 (orl mus)",""
"TERPINEOL","LD50=4,300 (orl rat)",""
"TETRAMETHYL-PYRAZINE","LD50=416 (ivn mus)","CPB38:1620"
"TETRAMETHYL-PYRAZINE","LD50=70 (ipr mus)","FT3:86"
"TETRANDRINE-DIMETHIODIDE","LD50=7","BPCC"
"THALICBERINE","LD50=>125","BPCC"
"THALICMINE","LD50=147 (orl mus)","JNP 39: 428. 1976"
"THEBAINE","LD50=117 (scu mus)",""
"THEBAINE","LD50=14 (scu rbt)","M11"
"THEOBROMINE","LD50=200 (orl cat)",""
"THEOPHYLLINE","LD50=600 (orl mus)","CRC"
"THEOPHYLLINE","LDlo=100 (orl cat)","BBE"
"THEVETIN","LDlo=1.24 (ivn cat)","CRC"
"THIAMIN","LD50=301 (scu mus)","15"
"THIAMIN","PTD=300 mg/day",""
"THIAMIN","RDA=0.3-1.6 mg/day",""
"THIOCYANIC-ACID","LDlo=18.3 (ipr mus)","M11"
"THIOCYANIC-ACID","LDlo=39.1 (scu mus)","M11"
"THIOCYANIC-ACID","LDlo=52 (orl mus)","M11"
"THIOCYANIC-ACID","LDlo=6 (ivn mus)",""
"THIOURACIL","LDlo=3,700 (orl rbt)",""
"THYMOL","LD50=1,800 (orl mus)","15"
"THYMOL","LD50=980 mg/kg (orl rat)","M11 ZEB"
"TOCOPHEROL","PTD=800 mg/day",""
"TOCOPHEROL","RDA=2-10 mg/day",""
"TOMATINE","LD50=900-1000 (orl rat)","52"
"TOMATINE","LDlo=800 (orl rat)",""
"TRIACANTHINE","LD50=35 mg/kg","CRC"
"TRICHOSANTHIN","LD50=0.236 mg/mus","HG20:25"
"TRIDECANOIC-ACID","LD50=130 (ivn mus)",""
"TRIDECANOL","LDlo=4,750 (orl rat)",""
"TRIGONELLINE","LDlo=5,000 (scu rat)",""
"TRIMETHYLAMINE","LD50=90 (ivn mus)",""
"TROPACOCAINE","LDlo-l8 (ivn cat)",""
"TUBOCURARINE","LD50=0.2 (ivn rbt)",""
"TUBOCURARINE","LD50=28 (orl rat)","M11"
"TUBOCURARINE","LD50=33 (orl mus)",""
"TUTIN","LD50=3 (ipr mus)","M11"
"TYLOCREBRINE","LD50=65 (orl rat)",""
"TYRAMINE","LD50=300 (ivn rbt)","CRC"
"UMBELLULONE","LD=0.18 ml/kg (dog)",""
"UNDECANOIC-ACID","LD50=140 (ivn mus)",""
"UNDECYLENIC-ACID","LD50=2,500 (orl rat)",""
"USARMINE","LD50=300","MPI"
"VALERALDEHYDE","LD50=3,200 (orl rat)",""
"VALERIC-ACID","LD50=500 (orl rat)",""
"VANILLIN","LD50=1,580 (orl rat)","M11"
"VEATCHIN","LDlo=2 (ivn cat)",""
"VERATRIDINE","LD50=3.5 (ipr rat)",""
"VERATRINE","LD50=4,000 (orl rat)",""
"VERATRINE","LDlo=25 (orl rat)",""
"VERBENOL","LDlo=125 (ipr mus)",""
"VERBENONE","LDlo=250 (ipr mus)",""
"VERILOID","LD50=12 (orl rat)",""
"VICENIN-2","LD50=>2,000 (ipr mus)","FT61:2277.1990"
"VINBLASTINE","LD50=10 (ivn mus)","M11"
"VINBLASTINE","LD50=17 (ivn mus)",""
"VINCAMINE","LD50=1,000 (orl mus)","M11"
"VINCAMINE","LD50=1,000 (scu rat)",""
"VINCAMINE","LD50=75 (ivn mus)","M11"
"VINCRISTINE","LD50=1.3 (ipr rat)",""
"VINCRISTINE","LD50=5.2 (ipr mus)",""
"VINCRISTINE","LDlo=13.5mg/girl","MAR"
"VINDESINE","LD50=2 (ivn rat)","M11"
"VINDESINE","LD50=6.3 (ivn mus)","M11"
"VINDESINE","LD50=8.8 (ipr mus)","M11"
"VISAMINE","LD50=125 (ipr mus)","WOI"
"VISNADIN","LD50=2,240 (orl rat)",""
"VISNADIN","LD50=500 (ipr mus)",""
"VITAMIN-B12","RDA=0.3-2.6 ug/day",""
"VITAMIN-D","RDA=5-10 ug/day",""
"VITAMIN-K","RDA=5-80 ug/day",""
"VOBASINE","LD50=58 (ivn mus)",""
"VOBTUSINE","LD50=34 (ivn mus)",""
"XANTHINE","LD50=500 (ipr mus)",""
"XYLENOL","LD50=1,070 (orl mus)",""
"XYLITOL","LD50=22,000 (orl mus)",""
"YOHIMBINE","LDlo=16 (ivn mus)","BBE"
"ZINC","PTD=500 mg/day",""
"ZINC","RDA=5-19 mg/day",""
"ZINC","RDA=5.5-22","M29"
"ALPHA-ACETYLDIGITOXIN","LD50=0.25 (orl cat)",""
"ALPHA-ACETYLDIGOXIN","LD50=0.2 (orl cat)",""
"ALPHA-ACETYLGITOXIN","LD50=40 (orl gpg)",""
"BETA-ACETYLDIGITOXIN","LD50=50 (orl gpg)",""
"BETA-ACETYLDIGOXIN","LD50=0.43 (ivn cat)",""
"BETA-CAROTENE","LD50=>1,000 mg/kg (orl rat)","PAM"
"BETA-CAROTENE","PTD=15-30 mg/day",""
"BETA-CAROTENE","RDA=2.25-7.8 mg/day",""
"BETA-ERYTHROIDINE","LD50=24-30 (ipr mus)","CRC JBH"
"BETA-ESCIN","LD50=134 (orl mus)","M11"
"BETA-ESCIN","LD50=188 (orl gpg)","M11"
"BETA-ESCIN","LD50=400 (orl rat)","M11"
"BETA-METHYLDIGOXIN","LD50=7.8 (orl mus)","M11"
"BETA-METHYLDIGOXIN","LD50=8.3 (orl rat)","M11"
"BETA-RESERCYCLIC-ACID","LD50=500",""
"BETA-SITOSTEROL-3-BETA-D-GLUCOSIDE","LD50=60-600 mg/kg (ipr mus)","JE27:243"
"BETA-SITOSTEROL-D-GLUCOSIDE","LD50=62 (ipr mus)",""
"BETA-SITOSTEROL","LDlo=>10,000 (inj rat)","JE28:222"
"D-LIMONENE","LDlo=4,600 (orl rat)",""
"D-NORNICOTINE","LD=23.5 (ipr rat)","M11"
"D-NORNICOTINE","LD=3 (ivn rbt)","M11"
"D-NORNICOTINE","LDlo=6 (ipr rat)","CRC"
"DELTA-6-THC","LD50=27.5 (ivn mus)","M11"
"DELTA-9-THC","LD50=730-1270 (orl rat)","M11"
"DL-MENTHOL","LD50=3,300 (orl rat)",""
"DL-NORNICOTINE","LDlo=10.5 (ipr rat)","CRC"
"GAMMA-AMINOBUTYRIC-ACID","LD50=2,748 (ivn mus)",""
"L-ARABINOSE","LD50=5,000 (ivn dog)","15"
"L-CARVEOL","LD50=3,000 (orl rat)",""
"L-DOPA","LD50=3,650 (orl mus)","M11"
"L-DOPA","LD50=4,000 (orl rat)","M11"
"L-DOPA","LD50=609 (orl rbt)","M11"
"L-NOREPINEPHRINE","LD50=20 (orl mus)",""
"L-NORNICOTINE","LDlo=23.5 (ipr rat)","CRC"
"L-SANTONIN","LDlo=250 (scu mus)",""
"M-CRESOL","LD50=2,020 (orl rat)","M11"
"M-CRESOL","LDlo=8","M11"
"N-PROPYL-ALCOHOL","LD50=1,870 (orl rat)","M11"
"O-CRESOL","LD50=1,350 (orl rat)","M11"
"P-AMINOBENZOIC-ACID","LD50=1,830 (orl rbt)","M11"
"P-AMINOBENZOIC-ACID","LD50=2,850 (orl mus)",""
"P-AMINOBENZOIC-ACID","LD50=>6,000 (orl rat)",""
"P-CRESOL-METHYL-ETHER","LD50=1,920 (orl rat)",""
"P-CRESOL","LD50=1,454 (orl rat)","CRC"
"P-CRESOL","LD50=750 (orl rat)","M11"
"P-CRESOL","LD50=861 (orl mus)",""
"P-CYMENE","LD50=4,750 mg/kg (orl rat)","M11 ZEB"
"TRANS-ANETHOLE","LD50=900-2,670 mg/kg (ipr rat)","HH3 M10"
"BAYACHININE","LDlo=>1,000","MPI"
"HARMANE","LD50=50 (ipr mus)",""
"ACETYL-CHOLINE","LD50=20 (ivn mus)","BBE"
"ACETYL-CHOLINE","LD50=125 (ipr mus)","BBE"
"ACETYL-CHOLINE","LD50=170 (scu mus)","BBE"
"ADENOSINE","LD100=1,000 mg/kg (ivn mus)","BBE"
"ADIPIC-ACID","ADI=5 mg/kg","MAR?"
"P-ANISALDEHYDE","LD50=1,510 (orl rat)","15"
"ANISODAMINE","LD50=123-140 (mus)","KCH"
"ANISODINE","LD50=482-595 (mus)","KCH"
"APOMORPHINE","LD50=40 (ivn rat)","BBE"
"ARISTOLOCHIC-ACID","LD50=49-106 (orl mus)","KCH M11"
"ARISTOLOCHIC-ACID","LD50=184-203 (orl rat)","M11"
"ARISTOLOCHIC-ACID","LD50=22.4 mg/kg (ivn mus)","KCH"
"ASCLEPIN","LD50=0.236 (ivn cat)","JBH"
"ASPIRIN (ACETYLSALICYLIC-ACID; NOT NATURAL)","LD50=1,100 mg/kg (orl rat)","BBE"
"CLEISTANTHIN","0.25 mg/kg/day (orl rat)","W&W"
"TRYPTOPHAN","RDA=300-1,200 mg/day?",""
"CARNITINE","1-4 g/day/orl/man","M29"
"P-BENZOQUINONE","LDIo=10,000/man=100mg/kg","ARC"
"ACETYL-CHOLINE","LD50=2,500 (orl rat)","BBE"
"AMINOPHYLLINE","LDlo=190 (ivn rat)","BBE"
"ANTHOCYANOSIDE","LD50=4,110 (ipr mus)","AEH310"
"ANTHOCYANOSIDE","LD50=2,350 (ipr rat)","AEH310"
"ANTHOCYANOSIDE","LD50=840 (ivn mus)","AEH310"
"ANTHOCYANOSIDE","LD50=240 (ivn rat)","AEH310"
"ANTHOCYANOSIDE","LD50=>25,000 (orl mus)","AEH310"
"ANTHOCYANOSIDE","LD50=>20,000 (orl rat)","AEH310"
"ARASAPONIN-A","LD50=460 (ivn rat)",""
"ARASAPONIN-B","LD50=300 (ivn rat)",""
"ARSENIC","LD orl man 70-180 mg","FHN"
"ASARONE","LD50=310 (ipr mus)","LRN-JUL89"
"ASARONE","LD50=417 (orl mus)","LRN-JUL89"
"BAICALIN","LD50=3,000 (ipr mus)","AEH291"
"P-BENZOQUINONE","LDlo=10,000/man=100 mg/kg","ARC"
"BENZOYLACONINE","LD50=23 mg/kg (ivn mus)","HH2 JE32:72"
"BERBERINE","LD50=24 mg/kg (ipr mus)","LRN-JUN87"
"BIXIN","ADI=1.25 mg/kg","MAR"
"BRUCINE","LD50=150-300 (orl mus)","HDN KCH"
"CAMPTOTHECIN","LD50=68.4 mg/kg ipr mus","KCH"
"CHARCOAL","ADI=5-10 g/man","MAR"
"CARNITINE","ADI=50-100 mg/kg/day/orl/chd",""
"CAROTATOXIN","LD50=100 mg/kg mus","NIG"
"CINNAMALDEHYDE","ADI=700 ug/kg","M29"
"D-CARVONE","ADI=1 mg/kg","MAR"
"L-CARVONE","ADI=1 mg/kg","MAR"
"CAULOSAPONIN","LD50 11.8 (ivn mus)","AEH"
"CAULOSAPONIN","LD50 20.3 (ivn rat)","AEH"
"ALPHA-CHACONINE","LD50=19 (ipr mus)","TOX"
"ALPHA-CHACONINE","LD50=84 (ipr rat)","TOX"
"CITRAL","ADI=500 ug/kg","MAR"
"COPPER","ADI?=<500 ug/kg","MAR?"
"QUERCETIN","LD50=160 (orl mus)","M11 (MAY HAVE BEEN CONTAMINATED WITH PODOPHYLLIN)"
"TERPINEN-4-OL","LD50=0.78 ml/kg (ims mus)","AEH222"
"TERPINEN-4-OL","LD50=1.85 ml/kg (orl mus)","AEH222"
"TERPINEN-4-OL","LD50=0.75 ml/kg (scu mus)","AEH222"
"TERPINEN-4-OL","LD50=0.25 ml/kg (ipr mus)","AEH222 HH2"
"ANETHOLE","LD50=3,000 (orl mus)","AEHD1:136"
"BETA-IONONE","LD50=4,590 (orl rat)",""
"CINNAMALDEHYDE","LD50=610 (ipr mus)","AEHD1:107"
"CINNAMALDEHYDE","LD50=132 (ivn mus)","AEHD1:107"
"COPPER","ADI=2-5 mg/man","DAS"
"CUMIN-ALCOHOL","LD50=1,020 (orl rat)",""
"ETHANOL","LD50=6,000 (orl dog)","BBE"
"FUMARIC-ACID","ADI=6 mg/kg",""
"GALLIC-ACID","LD50=4,500 (scu rat)","AFR27:170"
"GLUTAMIC-ACID","ADI=120 mg/kg","MAR"
"HYDROQUINONE","LDlo 5 g (orl hmn)","LRN-SEP87"
"ISOLEUCINE","ADI=5 g/man/day","MAR"
"ISOVALERALDEHYDE","LD50=3,200 (orl rat)","M11"
"LINALYL-ACETATE","ADI=500 ug/kg","MAR"
"LINALYL-ACETATE","ADI=200 ug/kg","MAR"
"MAGNESIUM","ADI=400-800 mg","DAS"
"MARRUBIIN","LD50=370 mg/kg","LRN-JUN88"
"METHYL-SALICYLATE","ADI=500 ug/mg","MAR"
"N-VALERALDEHYDE","LD 50=3,200 (orl rat)",""
"O-CRESOL","LD50=650 (scu rat)","AFR27:165"
"PHENOL","LD50=400 (scu rat)","AFR27:165"
"PHENOL","LD=10,000-30,000 (orl hmn)","AFR27:164"
"PODOPHYLLOTOXIN","LD50=4 ims cat","AEH"
"PODOPHYLLOTOXIN","LD50=3 ims rat","AEH"
"PODOPHYLLOTOXIN","LD50=33 ipr mus","AEH"
"PODOPHYLLOTOXIN","LD50=1.7 ivn cat","AEH"
"QUERCETIN","LD50=>2,000 (orl rat)","PAM"
"SKIMMIANINE","LD50=150-250 mg/kg nsp","JE38:1"
"SKIMMIANINE","LD50=1,310 mg/kg orl","JE38:1"
"TANNIC-ACID","LD50=2,250-6,000 (orl mus, rat, rbt)","AFR27:195"
"TANNIC-ACID","LD50=200-700 mg/kg (ipr rat)","AFR27:195"
"TANNIC-ACID","LD50=20-80 mg/kg (ivn rat)","AFR27:195"
"VALERIC-ACID","LD50=1,290 (ivn mus)","JBH"
"XYLOSE","ADI=5-25 g/man/day","M29"
"ACETALDEHYDE","LD50=500 (ipr rat)","BBE"
"ACONINE","LD50=120-160 (ivn mus)","HH2 JE32:72"
"ACONITINE","LD50=0.12 mg/kg (ivn mus)","JE32:72"
"ANTIARIN","LDlo=0.116 (cat)","KCH"
"APIOLE","LDlo=25,000-35,000/man","ARC"
"ARISTOLOCHIC-ACID-A","LD50=25 (orl ham)","AEHD1:82"
"ARISTOLOCHIC-ACID-A","LD50=40 (orl rat)","AEHD1:82"
"ARISTOLOCHIC-ACID-I","LD50=25 (orl ham)","AEHD1:82 HH3"
"ARISTOLOCHIC-ACID-I","LD50=40 (orl rat)","AEHD1:82 HH3"
"ASPIRIN (ACETYLSALICYLIC-ACID; NOT NATURAL)","LD50=1,500 mg/kg (orl rat)","BBE"
"AXIVALIN","IC>90=1,000 uM","TOX"
"BENZOIC-ACID","ADI=5 mg/kg","MAR"
"BENZYL-BENZOATE","ADI=5 mg/kg?","MAR"
"BERBERINE","LD50=329 (orl mus)","AEHD1:100"
"BERBERINE","LD50=10-20 (ivn dog)","AEHD1:101"
"BUFOTENINE","LD50=125 (ipr rat)","BBE"
"CALACTIN","LD50=0.12 (ivn cat)","JBH"
"CALOTROPIN","LD50=9.8 (ipr mus)","JBH"
"CANTHAXANTHIN","ADI=25 mg/kg","M28"
"CANTHAXANTHIN",">=50 ug/kg","M29"
"CITRAL","ADI=0.5 gm/kg","AEHD1:118"
"CITRONELLOL","ADI=500 ug/kg","MAR"
"COCAINE","LDlo 35 (scu dog)","BBE"
"CODEINE","LD50=100 (orl rbt)","BBE"
"COCAINE","LDlo=100 (orl mus)","BBE"
"CODEINE","LD50=200 (orl dog)","BBE"
"CODEINE","LD50=542 (orl rat)","BBE"
"COLCHICINE","LD50=0.13 (orl cat)","BBE"
"COLCHICINE","LD50=66.6 (orl mus)","BBE"
"CONDURANGIN","LD=40-45 (scu cat & dog)","AEH"
"CONDURANGIN","LD=300 (ipr mus)","AEH"
"CONDURANGIN","LD=20 (ivn cat & dog)","AEH"
"CONDURANGIN","LD=30 (scu cat & dog)","AEH"
"CONDURANGO-GLYCOSIDE-AO","LD50=75","AEH"
"CONDURANGO-GLYCOSIDE-BO","LD50=615","AEH"
"CONDURANGO-GLYCOSIDE-CO","LD50=375","AEH"
"CONDURANGO-GLYCOSIDE-DO","LD50=630","AEH"
"(+)-CONIINE","LDlo=75 (scu mus)",""
"P-CRESOL","LD50=1,100 (cut rat)","AFR27:165"
"CRINAMINE","LD50=10 (orl dog)","JBH"
"CRYPTOMERIDOL","LD50=500 mg/kg (ipr mus)","AEH"
"CUCURBITACIN-A","LD50=0.7 (ivn rbt)","JBH"
"CUCURBITACIN-B","LD50=1 (scu mus)","KCH"
"CURCUMIN","ADI=100 ug/kg","M29"
"CURCUMENOL","LD50=316 (ipr mus)","KCH"
"CYMARIN","LD50=0.095 (ivn cat)","JBH"
"DAURICINE","LD50=6 (ipr mus)","JBH"
"DIAZEPAM","LD50=970 (orl mus)","BBE"
"BETA-DICHROINE","LD50=6.6 mg/kg (orl mus)","KCH"
"DICOUMAROL","LD50=233 (orl mus), 542 (orl rat)","BBE"
"DIGITOXIN","LD50=32.7 (orl mus)","BBE"
"DIGITOXIN","LD50=0.4 (ivn cat)","M11"
"DIGOXIN","LD50=1.8 (orl gpg)","BBE"
"DIPHENYL","ADI=125 ug/kg","MAR"
"EMETINE","LD=1,000/man","JBH"
"EPHEDRINE","LD50=160 (orl rat)","BBE"
"DL-EPHEDRINE","LDlo=100 (ivn dog)","KCH"
"DL-EPHEDRINE","LDlo=70-90 (ivn rbt)","KCH"
"DL-EPHEDRINE","LDlo=310 (ipr rat)","KCH"
"DL-EPHEDRINE","LDlo=360 (scu rbt)","KCH"
"L-EPHEDRINE","LDlo=70 (ivn dog)","KCH"
"L-EPHEDRINE","LDlo=50-80 (ivn rbt)","KCH"
"L-EPHEDRINE","LDlo=330 (ipr rat)","KCH"
"L-EPHEDRINE","LDlo=230 (scu rbt)","KCH"
"24-EPIBRASSINOLIDE","LD-50 1,000 (orl mus)","ABS2"
"EPINEPHRINE","LD50=5 (scu rat)","BBE"
"EPINEPHRINE","LD50=30 (orl rat)","BBE"
"EPINEPHRINE","LD50=50 (orl mus)","BBE"
"ESCULETIN","IC100=50 mg/l","FT64:134"
"22BETA-ESCIN","LD50=134 (orl mus)","M11"
"22BETA-ESCIN","LD50=188 (orl gpg)","M11"
"22BETA-ESCIN","LD50=400 (orl rat)","M11"
"ESCULIN","IC26=50 mg/l","FT64:134"
"6-ETHOXYCHELERYTHRINE","LD50=5 mg/kg (ipr mus)","KCH"
"6-ETHOXYCHELERYTHRINE","LD50=18 mg/kg (ipr rbt)","KCH"
"ETHOXYSANGUINARINE","LD50=5 mg/kg (ipr mus)","KCH"
"ETHOXYSANGUINARINE","LD50=18 mg/kg (ipr rbt)","KCH"
"ETHYL-VANILLATE","LD50=2,200 (orl gpg)","AFR27:172"
"ETHYL-VANILLATE","LD50=1,600 (orl rbt)","AFR27:172"
"ETHYL-VANILLIN","ADI=10 mg/kg","MAR"
"EUGENOL","ADI=2.5 mg/kg","MAR"
"EUPATORIOPICRIN","LD50 20-40 mg/kg (ipr mus)",""
"FORMIC-ACID","ADI=3 mg/kg","MAR"
"FRAXETIN","LD50 2,390 (mus)","KCH"
"GELSEMICINE","LDlo-0.1-0.2 (scu mus)",""
"GELSEMICINE","LD50-0.5-1 (ivn dog)",""
"GENTIANINE","LD50=480 (orl mus)","KCH"
"GENTIANINE","LD50=350 (ipr mus)","KCH"
"GENTIANINE","LD50=250 (ivn mus)","KCH"
"GERANYL-ACETATE","ADI=500 ug/kg","MAR"
"GLAUCINE","LD50=4.8 (ivn unk)","JBH"
"GLUTAMIC-ACID","ADI=5-12 g/man/day","MAR"
"HARRINGTONINE","LD50=4.3 mg/kg (ipr mus)","KCH"
"HAYATINE","LD50=0.446 (ipr mus)",""
"HELENALIN","MLD=85 (orl ham)","AEH"
"HELIOTRINE","LD50=300 (rat)","FEA"
"HELLEBRIN","LD50=0.85 uM (orl gpg)","JBH"
"HISTAMINE","LD50=300 (orl rbt)","BBE"
"HISTAMINE","ADI=10-14.5 ug/kg/scu/man","M29"
"HISTIDINE","ADI=15 g/day/orl","MAR"
"HOMATROPINE","LD50=1,000 (orl gpg)","BBE"
"HOMATROPINE","LD50=1,200 (orl rat)","BBE"
"HOMATROPINE","LD50=1,400 (orl mus)","BBE"
"HORDENINE","LD50=2,000 (orl dog)","BBE"
"10BETA-HYDROXY-6BETA-ISOBUTYRL-FURANOEREMOPHILANE","LD50=400 ipr mus","JBH"
"2'-ACETYLNERIIFOLIN","LD50=0.147 ppm cat","481"
"2'-ACETYLNERIIFOLIN","LD50=30 ppm diet","481"
"6-ALPHA-HYDROXYMEDICARPIN","LD50=25 ug/ml","PM57:A13"
"6-GINGEROL","LD90=62 ug/ml","JDD6:33"
"ASIMICIN","LD100=1 ppm",""
"ASIMICIN","LD100=500 ppm","478"
"CHALEPIN","LD40=100 ipr",""
"DAPHNETOXIN","LD50=0.25 orl unk","JBH"
"DICRESOL","LD50=825 cut rat","AFR27:149"
"FARNESOL","LD100=100 ug/ml","FT67:279"
"HEDERAGENIN-3-O-ARABINOSIDE","LD100=3 mg/l","JBH"
"ISOAMYL-ALCOHOL","ADI=3.7 mg/kg","MAR"
"LEMMATOXIN","LD90=1.5 mg/L",""
"M-CRESOL","LD50=1,100 (scu rat)","AFR27:149"
"PELLETIERINE","LDlo=40 (ivn rbt)","M11"
"DICENTRINE","LD50=187",""
"BORNEOL","LDlo=2,000 (orl rbt)",""
"CAMPHOR","LD50=3,000 (ipr mus)","M11"
"CAMPHOR","LDlo=1,000 mg/chd","MAR"
"CAMPHOR","LDlo=50","JNP50:1017"
"CAMPHOR","LDlo=900 (ipr rat)","CRC"
"CARVONE","LD50=1,640 (orl rat)","M11"
"INOSITOL","RDA=1,000 mg/man/day",""
"LIMONENE","LD50=4,600 mg/kg (orl rat)?",""
"MENTHOL","LD50=700-3,180 (orl rat)","M11 JPP46:16"
"MENTHOL","LDlo=2,000->9,000 mg/man/?","MAR"
"PULEGONE","LD50=150 (ipr mus)",""
"SPARTEINE","LDlo=30 (ivn rbt)","BBE"
"SPARTEINE","MLD=120 (scu mus)","52"
"THUJONE","LD50=134 (scu mus)","M11"
"THUJONE","LDlo=120 (ipr rat)","15"
"ALPHA-BISABOLOL","LD50=15 ml/kg (orl rat)","LRN-MAR91"
"(-)-ANABASINE","LDlo=10 (orl rat)",""
"(-)-CANADINE","LD50=100 (ivn mus)","M11"
"(-)-CANADINE","LD50=790 (scu mus)","M11"
"(-)-CANADINE","LD50=940 (orl mus)",""
"(-)-DICENTRINE","LD50=187",""
"TOCOPHEROL","ADI=2 mg/kg","MAR"
"DAIDZEIN","LDlo=>5,000 mg/kg (orl mus)","LAF"
"MUFA","LD50=230 (ivn mus)","M11"
"VITAMIN-B-6","RDA=0.3-2.2 mg/day",""
"MENTHOL","ADI=200 ug/kg","MAR"
"INULIN","ADI(diagnostic)=50 mg/kg/ivn/man","M29"
"1,4-IPOMEADIOL","LD50=104 (orl mus)","NIG"
"IPOMEANINE","LD50=26 (orl mus)","NIG"
"1-IPOMEANOL","LD50=79 (orl mus)","NIG"
"4-IPOMEANOL","LD50=38 (orl mus)","NIG"
"AESCIN","LD50=134 (orl mus)",""
"BETA-AESCIN","LD50=134 (orl mus)","M11"
"BETA-AESCIN","LD50=188 (orl gpg)","M11"
"BETA-AESCIN","LD50=400 (orl rat)","M11"
"PIPERINE","LD50=349 (ipr rat)","KCH"
"GALANTHAMINE","LD50=11.3-16.0 mg/kg (ipr mus)","PAT#5,177.082"
"GALANTHAMINE","LD50=20.3-25.9 mg/kg (ipr mus)","PAT#5,177.082"
"1,8-CINEOLE","LD50=3,480 mg/kg","SHT158"
"1,8-CINEOLE","LD50=>5,000 (dml rbt)","JAR8:2"
"1,8-CINEOLE","LD100=1,000 ug/ml","FT67:279"
"BETA-SITOSTEROL","ADI=9-30 g/day/man","MAR"
"BETA-SITOSTEROL","LD50=3,000 mg/kg (ipr mus)","FT63(1):3"
"PYROGALLOL","LD50=35 (orl dog)","BBE"
"DAIDZEIN","LDlo=>800 mg/kg (ipr mus)","LAF"
"MUFA","LDlo=50 (ivn cat)",""
"MYRISTICIN","LD50=200 mg/kg (ivn mus)","CAN"
"PROTOCATECHUIC-ALDEHYDE","LD50=510 (ims mus)","KCH"
"LINALOOL","ADI=500 ug/kg","MAR"
"LINALOOL","LD50=459 mg/kg (ipr mus)","FT66:413"
"XANTHOTOXIN","LD50=500 mg/kg (orl rat)","FT63(1):79"
"(-)-ALPHA-BISABOLOL","LD50=15 ml/kg (orl mus; female)","HH2 CAN"
"(-)-ALPHA-BISABOLOL","LD50=1-2 ml/kg (orl dog)","CAN"
"(-)-ALPHA-BISABOLOL","LD50=1-2 ml/kg (orl rat)","CAN"
"MATRINE","LD50=72 mg/kg (ivn mus)","KCH"
"MATRINE","LD50=70-80 mg/kg (ims mus)","PR9:315"
"ARSENIC","LD orl man 0.75-2 mg/kg","FHN"
"TARTARIC-ACID","ADI=30 mg/kg","MAR"
"APIOLE","LD 2,000 (orl gpg)","ARO95:21"
"APIOLE","LD50=50 mg/kg (ivn mus)","CAN"
"FERULIC-ACID","LD50=837-895 (ivn mus)","LAF"
"COUMARIN","LD50=720 (orl rat)","CAN"
"NICOTINAMIDE","LD50=7,400 (orl rat)","CAN"
"NICOTINIC-ACID","LD50=8,800 (orl rat)","CAN"
"PHYTIC-ACID","LD50=222 mg/kg (mus)","LAW"
"TRIGONELLINE","LD50=5,000 (orl rat)","CAN"
"NORDIHYDROGUAIARETIC-ACID","LD50=550 (ipr mus)","AEH234"
"NORDIHYDROGUAIARETIC-ACID","LD50=838 (orl gpg mus)","AEH234"
"NORDIHYDROGUAIARETIC-ACID","LD50=4,000 (orl mus)","AEH234"
"NORDIHYDROGUAIARETIC-ACID","LD50=5,500 (orl rat)","AEH234"
"SYRINGALDEHYDE","ED=20 ug/ear","PM56(6):504"
"VANILLIN","ADI=10 mg/kg","MAR"
"THEOPHYLLINE","LDlo=350 (orl rbt)","BBE"
"THEOPHYLLINE","LDlo=115 (ivn rbt)","BBE"
"THEOPHYLLINE","LD50=200 (scu mus)","BBE"
"THEOPHYLLINE","ADI=60-200 orl/man/day","MAR"
"6-SHOGAOL","LD50=25-50 (ivn mus)","JDD6:33"
"6-SHOGAOL","LD50=250-687 (orl mus)","JDD6:33"
"CAPSAICIN","LD50=0.56 (ivn mus)","CAN61"
"CAPSAICIN","LD50=7.56 (ipr mus)","CAN61"
"CAPSAICIN","LD50=10 (ipr rat)","CAN61"
"CAPSAICIN","LD50=190 (orl mus)","CAN61"
"CAPSAICIN","LD50=9.0 (scu mus)","CAN61"
"CURCUMIN","TD=>5,000 mg/kg (orl rat)","FT68:483"
"CURCUMIN","LDlo=>1,800 mg/kg (orl rat)","FT63(1):3"
"BENZYL-ISOTHIOCYANATE","LD50=140 mg/kg unk","PM61:233"
"PYROCATECHOL","LD50=45 (ivn dog)","BBE"
"XYLITOL","ADI=20 g/day","MAR"
"BAICALIN","LDlo=15 mg/kg (ivn rbt)","LAF"
"BAICALIN","LD50=3,081 mg/kg (ivn mus)","LAF"
"SEROTONIN","LD50=160 (ivn mus)","BBE"
"SEROTONIN","LD50=868 (ipr mus)","BBE"
"TYRAMINE","LD=30 (scu cat)","BBE"
"TYRAMINE","LD=225 (scu mus)","BBE"
"AGRIMONIIN","LD50=33 mg/kg (inv mus)",""
"AGRIMONIIN","LD50=101 mg/kg (ipr mus)",""
"AGRIMONIIN","LD50=>1,000 mg/kg (orl mus)",""
"BERBERINE","LD50=27.5 mg/kg man","AHP136"
"MAGNOFLORINE","LD50=2 mg/kg (ivn mus)","KCH"
"MORPHINE","LD50=905 (orl rat)","BBE"
"MORPHINE","LD=1-10 mg man","JBH"
"PAPAVERINE","LD50=745 (orl rat)","BBE"
"SANGUINARINE","LD50=28.7 (ivn rat)","CAN42"
"SANGUINARINE","LD50=>200 (der rat)","CAN42"
"THEBAINE","LD50=20 (mus)","LRP-DEC90"
"MACROCARPAL-A","LD50=>100 mg/kg (ipr mus)","BBB65:2062"
"CINNZELANOL","LD50=12 mg/kg (orl mus)","JAF44:296"
"CINNZEYLANONE","LD50=>25 mg/kg (orl mus)","JAF44:296"
"PULEGONE","LD50=470 mg/kg (orl rat)","CAN"
"PULEGONE","LD50=3,090 mg/kg (der rbt)","CAN"
"SOLANINE","LD50=590 mg/kg (orl rat)","HH2"
"SOLANINE","LDlo 3-5 mg/kg (orl hmn p.c. Sinden)",""
"SOLANINE","LD=225-500 (orl shp)","HH2 TOX"
"WITHAFERIN-A","LD50=54 (ipr mus)","JE38:1"
"WITHAFERIN-A","LD50=1,564 (ipr mus)","LRN-JUL88"
"LYCORINE","LD50=41 dog","JBH"
"HUPERZINE-A","LD50=3.8-7.2 mg/kg (iga mus)","PAT#5,177.082"
"HUPERZINE-A","LD50=1.6-2.2 mg/kg (ipr mus)","PAT#5,177.082"
"HUPERZINE-A","LD50=0.58-0.68 mg/kg (ivn mus)","PAT#5,177.082"
"HUPERZINE-A","LD50=2.2-4.1 mg/kg (scu mus)","PAT#5,177.082"
"HUPERZINE-A","LD50=23-29 mg/kg (iga rat)","PAT#5,177.082"
"HUPERZINE-A","LD50=4.2-5.9 mg/kg (ipr rat)","PAT#5,177.082"
"HUPERZINE-A","LD50=2.3-2.7 mg/kg (ivn rat)","PAT#5,177.082"
"PAEONIFLORIN","LD50=9,530 mg/kg (ipr mus)","LAF"
"PAEONIFLORIN","LD50=3,530 mg/kg (ivn mus)","LAF"
"PAEONOL","LD50=781 mg/kg (ipr mus)","LAF"
"PAEONOL","LD50=196 mg/kg (ivn mus)","LAF"
"PAEONOL","LD50=3,430 mg/kg (ivn mus)","LAF"
"GERANIOL","LD100=300 ug/ml","FT67:279"
"HARPAGOSIDE","LD50=>13,500 (mus)","LRNP(MAR)96"
"TETRAMETHYL-PYRAZINE","LD50=239 mg/kg (ivn mus)","KCH"
"YOHIMBINE","LDlo=40 (orl mus)","BBE"
"YOHIMBINE","LDlo=11 (ivn rbt)","BBE"
"YOHIMBINE","LDlo=50 (scu rbt)","BBE"
"ACOBIOSIDE-A","LD=0.034 mg/kg (ivn gpg)","FT63(4):333"
"AESCIN","LD50=9.5 (ipr mus)","CAN"
"ESCIN","LD50=9.5 (ipr mus)","CAN"
"GABA","LD50=2,748 (ivn mus)",""
"ISOCORYDINE","LD50=10.9 (ipr rat)","JBH"
"ROSMARINIC-ACID","LD50=561 (ivn mus)",""
"DIMETHYL-SULFOXIDE","LD50=17.9 ml/kg (orl rat)","M12"
"SYNEPHRINE","LD=750 (scu mus)","BBE"
"PSEUDOEPHEDRINE","LDlo=130 (ivn dog)","KCH"
"PSEUDOEPHEDRINE","LDlo=100-130 (ivn rbt)","KCH"
"PSEUDOEPHEDRINE","LDlo=310 (ipr rat)","KCH"
"PSEUDOEPHEDRINE","LDlo=400 (scu rbt)","KCH"
"TYLOPHORINE","LD50=35 (orl rat)","KEB"
"MANDELIC-ACID","ADI=5-10 g/man/day",""
"MENTHOL","LD50=3,300 mg/kg (orl rat)","MAB"
"OUABAIN","LD50=0.11 (ivn cat)","JBH"
"OUABAIN","LD50=6.5 (ipr mus)","JBH"
"OUABAIN","LD50=14 (orl rbt)","BBE"
"EPHEDRINE","LDlo 500 mg/kg (orl man)","PED"
"SPARTEINE","LDlo=100 (scu rbt)","BBE"
"SPARTEINE","LDlo=120 (scu mus)","BBE"
"6-GINGEROL","LD50=25-50 (inv mus)","JDD6:33"
"6-GINGEROL","LD50=250-687 (orl mus)","JDD6:33"
"PYROGALLOL","LD=10,000-30,000 (orl hmn)","AFR27:164"
"PINOCAMPHONE","LD=>0.05 ml/kg (ipr rat)","ARO95:23"
"CARYOPHYLLENE","LD50=>5,000 mg/kg (orl rat)","ZEB"
"MANNITOL","ADI=50 mg/kg","MAR"
"ZINGERONE","LD50=2,560 (orl rat)","HH3"
"SHOGAOL","LD50=50.9 (ivn mus)","JDD6:33 HH3"
"SHOGAOL","LD50=109 (ipr mus)","HH3"
"SHOGAOL","LD50=687 (orl mus)","JDD6:33 HH3"
"6-GINGEROL","LD50=25.5 (inv mus)","HH3 JDD6:33"
"6-GINGEROL","LD50=58.1 (ipr mus)","HH3"
"6-GINGEROL","LD50=250 (orl mus)","HH3 JDD6:33"
"P-AMINOBENZOIC-ACID","IC47=2.5 mg/l","FT64:134"
"P-AMINOBENZOIC-ACID","IC93=25 mg/l","FT64:134"
"P-AMINOBENZOIC-ACID","IC95=5 mg/l","FT64:134"
"PARA-AMINOBENZOIC-ACID (PABA)","IC47=2.5 mg/l","FT64:134"
"PARA-AMINOBENZOIC-ACID (PABA)","IC93=25 mg/l","FT64:134"
"PARA-AMINOBENZOIC-ACID (PABA)","IC95=5 mg/l","FT64:134"
"PABA","IC47=2.5 mg/l","FT64:134"
"PABA","IC93=25 mg/l","FT64:134"
"PABA","IC95=5 mg/l","FT64:134"
"VERANISATIN-A","LD50=3 (orl mus)","CPB44:1908"
"VERANISATIN-B","LD50=3 (orl mus)","CPB44:1908"
"VERANISATIN-C","LD50=3 (orl mus)","CPB44:1908"
"QUINIDINE","LD50=190 (ipr mus)","BBE CRx"
"QUINIDINE","LD50=594 (orl mus)","BBE CRx"
"CHOLINE","MLD 70 mg/kg (ivn rbt)","HDN"
"CHOLINE","MLD 800 mg/kg (scu rbt)","HDN"
"HYPAPHORINE","(methylesteriodide) LD50=450 mg/kg mus","HDN"
"PHENYLETHYLAMINE","LDlo=800 (orl rat)",""
"CITRIC-ACID","LD50=6,730 mg/kg (orl rat)","ZEB"
"CITRONELLOL","LD100=300 ug/ml","FT67:279"
"BETA-IONONE","LD100=100 ug/ml","FT67:279"
"MUFAS","LD50=230 (ivn mus)","M11"
"MUFAS","LDlo=50 (ivn cat)",""
"NEROL","LD50=3,600 mg/kg (orl rat)","ZEB"
"VITAMIN-B","RDA=5-20 mg/day",""
"VITAMIN-B","PTD=1,000 mg/day",""
"VITAMIN-B","LD50=5,000 (orl mus)",""
"VITAMIN-B","LDlo=4,000 (scu mus)",""
"VITAMIN-B-2","RDA=0.4-1.8 mg/day",""
"VITAMIN-B-2","PTD=1,000 mg/day",""
"VITAMIN-B-2","LD50=560 (ipr rat)",""
"VITAMIN-B-2","LD50=340 (ipr mus)","M11"
"VITAMIN-B-2","LD50=5,000 (scu rat)",""
"TANNIN","LD 3,500 mg/kg (orl mus)","HH2"
"TANNIN","LD 40 mg/kg (ivn mus)","HH2"
"TANNIN","LD 2,260 mg/kg (orl rat)","HH2"
"TANNIN","LD 1,500 mg/kg (scu rat)","HH2"
"TARTARIC-ACID","LD50=4,360 mg/kg (orl rat)","ZEB"
"VITAMIN-B-1","RDA=0.3-1.6 mg/day",""
"VITAMIN-B-1","PTD=300 mg/day",""
"VITAMIN-B-1","LD50=301 (scu mus)","15"
"P-ACETANISOLE","LD50=1,720 mg/kg (orl rat)","ZEB"
"ACETYLANDROMEDOL","LD50=<1 mg/kg (ipr mus)","HH2"
"ACETYLANDROMEDOL","LD50=5.1 mg/kg (orl mus)","HH2"
"ACEVALTRATE","LD50=150 mg/kg (ipr mus)","HH3"
"ACEVALTRATE","LD50=4,600 mg/kg (orl mus)","HH3"
"ACOLONGIFLORISIDE-K","MLD 0.111 mg/kg (ivn cat)","HDN HH3"
"CARDENOLIDES","LD50=<50 mg/kg (ipr mus)","CAN"
"ALLYL-MERCAPTAN","LD50=<400 mg/kg (orl rat)","ZEB"
"ALPHA-TERPINENE","LD50=1,680 mg/kg (orl rat)","ZEB"
"BETA-PINENE","LD50=4,700 mg/kg (orl rat)","ZEB"
"GAMMA-TERPINENE","LD50=3,650 mg/kg (orl rat)","ZEB"
"N-NONANAL","LD50=>5,000 mg/kg (orl rat)","ZEB"
"TERPINOLENE","LD50=4,390 mg/kg (orl rat)","ZEB"
"CAMPHOR","LD=1,200 mg/kg (ipr rat)","HH2"
"LINALYL-ACETATE","LD50=14,550 mg/kg (orl rat)","ZEB"
"PROPIONIC-ACID","LD50=3,500 mg/kg (orl rat)","ZEB"
"METHYL-ANTHRANILATE","ADI=1.5 mg/kg","M29"
"VITAMIN-E","RDA=2-10 mg/day",""
"VITAMIN-E","PTD=800 mg/day",""
"VITAMIN-E","ADI=2 mg/kg","MAR"
"DIMETHYL-SULFIDE","LD50=535 mg/kg (orl rat)","ZEB"
"2-VINYL-4H-1,3-DITHIIN","IC37-72=144 ug/ml","ATH94:79"
"DIMETHYL-DISULFIDE","LD50=535 mg/kg (orl rat)","ZEB"
"VITAMIN-B3","RDA=5-20 mg/day",""
"VITAMIN-B3","PTD=1,000 mg/day",""
"VITAMIN-B3","LD50=5,000 (orl mus)",""
"VITAMIN-B3","LDlo=4,000 (scu mus)",""
"BENZYL-BENZOATE","LD50=500 mg/kg (orl rat)","ZEB"
"BERBERINE","LD50=>1,000 mg/kg (orl rat)","PH2"
"CINNAMIC-ALCOHOL","LD50=2,000 mg/kg (orl rat)","ZEB"
"ETHYL-ISOBUTYRATE","LD50=>5,000 mg/kg (orl rat)","ZEB"
"GERANYL-ACETONE","LD50=5,000 mg/kg (orl rat)","ZEB"
"ISOAMYL-ACETATE","LD50=16,600 mg/kg (orl rat)","ZEB"
"ISOBUTYL-ACETATE","LD50=13,400 mg/kg (orl rat)","ZEB"
"METHYL-BENZOATE","LD50=1,350 mg/kg (orl rat)","ZEB"
"STEVIOSIDE","ADI=8 mg/kg/day","FT68(4):303"
"STEVIOSIDE","LD50=>15 g/kg","AMA3:13"
"AMYL-BUTYRATE","LD50=12,210 mg/kg (orl rat)","ZEB"
"ISOPROPYL-ACETATE","LD50=3,000 mg/kg (orl rat)","ZEB"
"PHENYLACETIC-ACID","LD50=2,250 mg/kg (orl rat)","ZEB"
"THEOBROMINE","LD50=789 mg/kg (ipr mus)","HH2"
"THEOBROMINE","LD50=1,356 mg/kg (orl mus)","HH2"
"THEOBROMINE","LD50=950 mg/kg (orl rat)","HH2"
"N-DIMETHYLNITROSAMINE","MLD=20 mg/kg (orl dog)","HDN"
"N-DIMETHYLNITROSAMINE","MLD=9 mg/kg (ipr mus)","HDN"
"N-DIMETHYLNITROSAMINE","MLD=40 mg/kg (ivn rat)","HDN"
"N-DIMETHYLNITROSAMINE","LD50=28 mg/kg (orl ham)","HDN"
"N-DIMETHYLNITROSAMINE","LD50=28 mg/kg (scu ham)","HDN"
"N-DIMETHYLNITROSAMINE","LD50=36 mg/kg (ipr rat)","HDN"
"N-DIMETHYLNITROSAMINE","LD50=26 mg/kg (orl rat)","HDN"
"SOLANINE","LD50=32-42 (ipr mus)","HH2 52"
"SOLANINE","LD50=1,000 (orl mus)","HH2"
"SOLANINE","LD=20 mg/kg (ipr mky)","HH2"
"SOLANINE","LD50=67-75 (ipr rat)","HH2"
"SOLANINE","MLD=40 (ipr rbt)","HDN"
"SOLANINE","LD=10-30 (ipr rbt)","HH2"
"SOLANINE","MLD=10-20 (ivn rbt)","HDN"
"SOLANINE","MLD=5 (scu rbt)","HDN"
"ABOBIOSIDE","MLD=0.699 mg/kg","HDN"
"ACETYLSHIKONIN","LD-50=41 mg/kg (ipr mus)","HH3"
"ACETYLSHIKONIN","LD-50=>1,000 mg/kg (orl mus)","HH3"
"16-ACETYLSTROSPESIDE","MLD=0.246 mg/kg","HDN"
"ACONINE","LD50=400 mg/kg (ivn cat)","HH2"
"ACONITINE","LD50=1.8 mg/kg (orl mus)","HH2"
"ACONITINE","LD50=0.38 mg/kg (ipr mus)","HH2"
"ACONITINE","LD50=0.27 mg/kg (scu mus)","HH2"
"ACONITINE","LD50=0.07-0.13 mg/kg (ivn cat)","HH2"
"ACONITINE","LD50=0.08-0.14 mg/kg (ivn rat)","HH2"
"AESCIN","LD50=3-5 mg/kg (ivn dog)","HH3"
"AESCIN","LD50=9.1 mg/kg (ivn gpg)","HH3"
"AESCIN","LD50=9.3 mg/kg (ivn mus)","HH3"
"AESCIN","LD50=~4 mg/kg (ivn pig)","HH3"
"ESCIN","LD50=3-5 mg/kg (ivn dog)","HH3"
"ESCIN","LD50=9.1 mg/kg (ivn gpg)","HH3"
"ESCIN","LD50=9.3 mg/kg (ivn mus)","HH3"
"ESCIN","LD50=~4 mg/kg (ivn pig)","HH3"
"AETHUSANOL-A","LD50=100.8 mg/kg (ipr mus)","HH2"
"ACOVENOSIDE-A","LD=0.22-0.25 mg/kg (ivn cat)","HH3"
"AETHUSIN","LD50=93.3 mg/kg (ipr mus)","HH2"
"AJMALICINE","LD100=20 mg/kg (ivn gpg)","HDN"
"AJMALICINE","LD50=165 mg/kg (ipr mus)","HDN"
"AJMALICINE","LD50=200 mg/kg (ipr rat)","HDN"
"AJMALICINE","LD50=24-26 mg/kg (ivn rat)","HDN"
"AJMALICINE","MLD=20 mg/kg (ivn rbt)","HDN"
"AJMALICINE","LD50=500 mg/kg (orl rbt)","HDN"
"AJMALINE","LD100=8.1 mg/kg (ivn cat)","HDN"
"AJMALINE","LD50=75 mg/kg (ipr mus)","HDN"
"AJMALINE","LD50=21 mg/kg (ivn mus)","HDN"
"AJMALINE","LD50=150 mg/kg (orl mus)","HDN"
"AJMALINE","LD50=180 mg/kg (scu mus)","HDN"
"AJMALINE","LD50=105 mg/kg (ipr rat)","HDN"
"AJMALINE","LD50=26 mg/kg (ivn rat)","HDN"
"AJMALINE","LD50=440 mg/kg (orl rat)","HDN"
"AKUAMMIDINE","LD50=391 mg/kg (ipr mus)","HDN"
"AKUAMMIDINE","LD50=391 mg/kg (scu mus)","HDN"
"ALBASPIDIN","LD50=27.7 mg/kg (ivn mus)","HH2"
"ALCHORNEINE","LD50=23.5 mg/kg (ivn mus)","HH2"
"ALKANNIN","LD50=2,000-4,200 mg/kg (orl mus)","HH2"
"ALLICIN","LD50=309 mg/kg (orl mus - male)","JN131:955S"
"ALLICIN","LD50=363 mg/kg (orl mus - female)","JN131:955S"
"ALLOSECURININE","LD50=29 mg/kg (ivn mus)","HH3"
"ALLOSECURININE","LD50=125 mg/kg (scu mus)","HH3"
"ALLYL-ACETATE","LD50=130 mg/kg (orl rat)","ZEB"
"ALLYL-BUTYRATE","LD50=250 mg/kg (orl rat)","ZEB"
"ALLYL-CAPROATE","LD50=218 mg/kg (orl rat)","ZEB"
"S-ALLYL-L-CYSTEINE","LD50=8,890 mg/kg (orl mus - male)","JN131:955S"
"S-ALLYL-L-CYSTEINE","LD50=9,390 mg/kg (orl mus - female)","JN131:955S"
"ALOIN","LD=190 mg/kg (scu dog)","HDN"
"ALOIN","LD=300 mg/kg (scu rbt)","HDN"
"ALOIN","LD50=200 mg/kg (ivn mus)","HH2"
"ALTOSIDE","LD=0.08-0.125 (uns cat)","HH2"
"AMANITINE","LD50=0.15 mg/kg (ipr dog)","HH3"
"AMANITINE","LD50=0.05 mg/kg (ipr gpg)","HH3"
"AMANITINE","LD50=0.2 mg/kg (ipr mus)","HH3"
"AMANITINE","LD50=2 mg/kg (ipr rat)","HH3"
"AMERICANIN-A","LD100=800-820 mg/kg (ivn mus)","HH3"
"N-AMYL-ACETATE","LD50=6,500 mg/kg (orl rat)","ZEB"
"N-AMYL-ALCOHOL","LD50=>2,200 mg/kg (orl rat)","ZEB"
"AMYL-CINNAMIC-ALDEHYDE","LD50=3,730 mg/kg (orl rat)","ZEB"
"ANDROMEDOL","LD50=<1 mg/kg (ipr mus)","HH2"
"ANDROMEDOL","LD50=4.9 mg/kg (orl mus)","HH2"
"CIS-ANETHOLE","LD50=100 mg/kg (ipr mus)","HH2"
"TRANS-ANETHOLE","LD50=2,100 mg/kg (orl gpg)","HH2"
"TRANS-ANETHOLE","LD50=1,000-1,410 mg/kg (ipr mus)","HH2"
"TRANS-ANETHOLE","LD50=1,800-5,000 mg/kg (orl mus)","HH2"
"TRANS-ANETHOLE","LD50=2,000-3,000 mg/kg (orl rat)","HH2"
"TRANS-ANETHOLE","LD50=>5,000 mg/kg (dml rbt)","HH2"
"TRANS-ANETHOLE","LD50=2,160 mg/kg (orl rbt)","HH2"
"ANISATIN","LD50=700 mg/kg (ipr mus)","HH2"
"ANISE-ALCOHOL","LD50=1,200 mg/kg (orl rat)","ZEB"
"ANISYL-FORMATE","LD50=1,550 mg/kg (orl rat)","ZEB"
"ANISYL-PROPIONATE","LD50=3,330 mg/kg (orl rat)","ZEB"
"ANNOTINE-SULFITE","LD50=115 mg/kg (ipr frog)","HH3"
"ANNOTININE","LD50=600 mg/kg (ivn mus)","HH3"
"ANTHRANOYLLYCOCTONINE","LD50=21 mg/kg (ivn mus)","HH3"
"ANTHRANOYLLYCOCTONINE","LD50=108-366 mg/kg (scu mus)","HH3"
"ANTIALLOSIDE","LD=0.12 mg/kg (ivn cat)","HH3"
"ANTIOGOSIDE","LD=0.13 mg/kg (ivn cat)","HH3"
"ACONITINE","LD50=20 mg/kg (orl mus)","CRX"
"AKAGERINE","MLD=47.5 mg/kg (uns mus)","HDN"
"ALBITOCIN","LD50=1 mg/kg (ipr gpg)","HDN"
"ALBITOCIN","LD50=2.5 mg/kg (ivn mky)","HDN"
"ALBITOCIN","LD50=6 mg/kg (ipr mus)","HDN"
"ALBITOCIN","LD50=6 mg/kg (ivn mus)",""
"ALBITOCIN","LD50=0.8 mg/kg (ipr rat)","HDN"
"ALBITOCIN","LD50=1.8 mg/kg (ivn rbt)","HDN"
"ANDROGRAPHOLIDE","LD=>40,000 mg/kg (mus)","PR14:333"
"ARISTOLOCHIC-ACID","LD50=38-83 mg/kg","AHP131"
"ARTEANNUIN-B","LD50=465-5,105 mg/kg (orl mus)","HH2"
"ALPHA-ASARONE","LD50=275 mg/kg (ipr gpg)","HH2"
"ALPHA-ASARONE","LD50=175-310 mg/kg (ipr mus)","HH2"
"ALPHA-ASARONE","LD50=418 mg/kg (orl mus)","HH2"
"ASCLEPOSIDE","MLD=0.86 mg/kg (ivn cat)","HDN"
"ASPIRIN","LD50=1,100 mg/kg (orl rat)","BBE"
"ASPIRIN","LD50=1,500 mg/kg (orl rat)","BBE"
"ACETYLSALICYLIC-ACID","LD50=1,100 mg/kg (orl rat)","BBE"
"ACETYLSALICYLIC-ACID","LD50=1,500 mg/kg (orl rat)","BBE"
"ATRACTYLOSIDE","LD50=580 mg/kg (ipr mus)","FT68(4):303"
"ATROPINE","LD50=1,100 mg/kg (orl gpg)","CRX"
"ATROPINE","LDlo=1,450 mg/kg (orl dog)","HH3"
"ATROPINE","LD50=100 (orl hmn)","HH2 JNP39:445"
"ATROPINE","LD50=129 mg/kg (ipr mus)","HH3"
"ATROPINE","MLD=1,450 mg/kg (orl rbt)","HH2"
"BALDRINAL","LD50=460 mg/kg (ipr mus)","HH2"
"ALPHA-CEDRENE","LD50=>5,000 mg/kg (orl rat)","ZEB"
"ALPHA-IONONE","LD50=4,590 mg/kg (orl rat)","ZEB"
"ALPHA-SANTALOL","LD50=3,800 mg/kg (orl rat)","HH2"
"ALPHA-SANTALOL","LD50=>5,000 mg/kg (dml rbt)","HH2"
"CHOLINE","RDA=500 mg/day","SN160:282"
"CINNAMALDEHYDE","LD50=1,160 mg/kg (orl gpg)","HH2"
"CINNAMALDEHYDE","LD50=200 mg/kg (ipr mus)","HH2"
"CINNAMALDEHYDE","LD50=2,225 mg/kg (orl mus)","HH2 AEHD1:107"
"CINNAMALDEHYDE","LD50=2,200-3,350 mg/kg (orl rat)","HH2"
"CIS-3-HEXENOL","LD50=4,700 mg/kg (orl rat)","ZEB"
"CITRONELLAL","LD50=>5,000 mg/kg (orl rat)","ZEB"
"CITRONELLYL-ACETATE","LD50=6,800 mg/kg (orl rat)","ZEB"
"DIHYDROCARVEOL","LD50=>5,000 mg/kg (orl rat)","ZEB"
"DODECANAL","LD50=23,000 mg/kg (orl rat)","ZEB"
"GERANYL-BUTYRATE","LD50=10,660 mg/kg (orl rat)","ZEB"
"IMPERATORIN","LD50=300-600 mg/kg (ipr mus)","HH3"
"ISOAMYL-ALCOHOL","LD50=1,300 mg/kg (orl rat)","ZEB"
"ISOAMYL-ALCOHOL","LD50=218 mg/kg (orl rat)","ZEB"
"ISOVALERIC-ACID","LD50=2,000 mg/kg (orl rat)","ZEB"
"LIMONENE","MLD=5,000 mg/kg (orl hmn)","HDN"
"LIMONENE","LD50=5,000 mg/kg (orl rat)","HDN"
"MYRISTICIN","LD50=1,000 mg/kg (ipr rat)","HH3"
"NICOTINE","LD50=5 mg/kg (ivn dog)","CRX"
"NICOTINE","LD50=7.1 mg/kg (ivn mus)","CRX"
"NICOTINE","LD50=33.5 mg/kg (scu rat)","CRX"
"NICOTINE","LD50=9.4 mg/kg (ivn rbt)","CRX"
"NICOTINE","LD=6-9 mg/kg (ims cat)","HDN"
"NICOTINE","LD=2 mg/kg (ivn cat)","HDN"
"NICOTINE","LD=1 mg/kg (scu cat)","HDN"
"NICOTINE","LD=9 mg/kg (ims cow)","HDN"
"NICOTINE","LD=15 mg/kg (ims dog)","HDN"
"NICOTINE","LD=15 mg/kg (ims gpg)","HDN"
"NICOTINE","LD=30 mg/kg (ipr gpg)","HDN"
"NICOTINE","LD=4.5 mg/kg (ivn gpg)","HDN"
"NICOTINE","LD=80 mg/kg (scu gpg)","HDN"
"NICOTINE","LD=8.8 mg/kg (ims horse)","HDN"
"NICOTINE","LD=6 mg/kg (ims mky)","HDN"
"NICOTINE","LD=8 mg/kg (ims mus)","HDN"
"NICOTINE","LD=10 mg/kg (ipr mus)","HDN"
"NICOTINE","LD=0.5 mg/kg (ivn mus)","HDN"
"NICOTINE","LD=30 mg/kg (scu mus)","HDN"
"NICOTINE","LD=14 mg/kg (ims pig)","HDN"
"NICOTINE","LD=15 mg/kg (ims rat)","HDN"
"NICOTINE","LD=20 mg/kg (ipr rat)","HDN"
"NICOTINE","LD=3 mg/kg (ivn rat)","HDN"
"NICOTINE","LD=190 mg/kg (orl rat)",""
"NICOTINE","LD=40 mg/kg (scu rat)","HDN"
"NICOTINE","LD=30 mg/kg (ims rbt)","HDN"
"NICOTINE","LD=14 mg/kg (ipr rbt)","HDN"
"NICOTINE","LD=7 mg/kg (ivn rbt)","HDN"
"NICOTINE","LD=200 mg/kg (orl rbt)","HDN"
"NICOTINE","LD=30 mg/kg (scu rbt)","HDN"
"PERILLALDEHYDE","LD50=>5 mg/kg (scu gpg)","HH3"
"PERILLALDEHYDE","LD50=1,720 mg/kg (orl mus)","HH3"
"SCOPARONE","LD50=180 mg/kg (ipr mus)","HDN"
"SCOPARONE","LD50=210 mg/kg (ipr rat)","HDN"
"SELENIUM","LD50=6,700 mg/kg (orl rat)","CRX"
"SHIKIMIC-ACID","LD50=1,000 mg/kg (ipr mus)","HDN"
"TERPINEN-4-OL","LD50=1.5 ml/kg (ims rat)","HH2"
"TRANS-2-HEXENOL","LD50=3,500 mg/kg (orl rat)","ZEB"
"BENZOYLACONINE","LD50=70 mg/kg (ipr mus)","HH2"
"BENZYL-CINNAMATE","LD50=3,280 mg/kg (orl rat)","ZEB"
"BENZYL-FORMATE","LD50=1,400 mg/kg (orl rat)","ZEB"
"BENZYL-ISOTHIOCYANATE","LD50=150 mg/kg (scu mus)","HH2"
"BENZYL-ISOTHIOCYANATE","LD100=100 mg/kg (ipr rat)","HH2"
"BENZYL-PROPIONATE","LD50=3,300 mg/kg (orl rat)","ZEB"
"BERBERINE","LD50=8.2 mg/kg (ivn mus)","HDN"
"BERBERINE","LD50=26.4 mg/kg (ipr mus)","HDN"
"BERBERINE","LD50=13.2 mg/kg (scu mus)","HDN"
"BERBERASTINE","LD50=10-20 (ivn dog)","AEHD1:101"
"BERBERASTINE","LD50=8.2 mg/kg (ivn mus)","HDN"
"BERBERASTINE","LD50=100 mg/kg",""
"BERBERASTINE","LD50=24 mg/kg (ipr mus)","LRN-JUN87"
"BERBERASTINE","LD50=26.4 mg/kg (ipr mus)","HDN"
"BERBERASTINE","LD50=27.5 mg/kg man","AHP136"
"BERBERASTINE","LD50=329 (orl mus)","AEHD1:100"
"BERBERASTINE","LD50=13.2 mg/kg (scu mus)","HDN"
"BERBERASTINE","LD50=>1,000 mg/kg (orl rat)","PH2"
"BERGENIN","LD50=2,800 mg/kg (ivn rat)","HH2"
"BERBERINE-SULFATE","LD50=24.3 mg/kg (ipr mus)","MPI"
"BIPINDALOSIDE","MLD=0.143 mg/kg (ivn cat)","HDN"
"BIPINDOSIDE","MLD=0.1-0.103 mg/kg (ivn cat)","HDN"
"GAMMA-BISABOLENE","LD50=>5,000 mg/kg (orl rat)","ZEB"
"(-)-ALPHA-BISABOLOL","LD50=15.2 ml/kg (orl mus; male)","HH2"
"(-)-ALPHA-BISABOLOL","LD50=15.6 ml/kg (orl rat; female)","HH2"
"(-)-ALPHA-BISABOLOL","LD50=14.9 ml/kg (orl rat; male)","HH2"
"D-BORNEOL","LD50=1,059 mg/kg (orl rat)","ZEB"
"BOVOCHRYOSIDE","LD=0.112 mg/kg (ivn cat)","HH2"
"BOVOCYANOTOXIN","LD=0.180 mg/kg (ivn cat)","HH2"
"BOVOEOTOXIN","LD=0.197 mg/kg (ivn cat)","HH2"
"BOVOERYTHROTOXIN","LD=0.112 mg/kg (ivn cat)","HH2"
"BOVOCRYPTOSIDE","LD=0.070 mg/kg (ivn cat)","HH2"
"BOVOPURPUROSIDE","LD=0.192 mg/kg (ivn cat)","HH2"
"BOVORUBOSIDE","LD=0.092 mg/kg (ivn cat)","HH2"
"BOVOSIDE-A","LD=0.129 mg/kg (ivn cat)","HH2"
"BOVOSIDE-B","LD=0.16 mg/kg (ivn cat)","HH2"
"BOVOSIDE-C","LD=0.175 mg/kg (ivn cat)","HH2"
"BOVOXANTHOTOXIN","LD=0.154 mg/kg (ivn cat)","HH2"
"BREYNIN-A","LD50=0.25 mg/kg (ipr mus)","HH3"
"BREYNIN-B","LD50=0.41 mg/kg (ipr mus)","HH3"
"BROMELAIN","LD50=20-35 (ivn mus)","HH2"
"BROMELAIN","LD50=30-35 (par mus)","KOM"
"BROMELAIN","LD50=85.2 (ipr rat)","HH2"
"BROMELAIN","LD50=>20 (par rbt)","KOM"
"BROWNIINE","LD50=>720 mg/kg (scu mus)","HH3"
"BRUCINE","LD50=91 mg/kg (ipr rat)","HDN"
"BRUCINE","LD50=45 mg/kg (ipr mus)","HDN"
"BRUCINE","LD50=12-33 mg/kg (ivn mus)","HDN HH2"
"BRUCINE","LD50=60 mg/kg (scu mus)","HDN"
"BRUCINE","LD50=4 mg/kg (orl rbt)","HDN"
"BRUCINE","MLD=8 mg/kg (ivn dog)","HDN"
"BRUCINE","MLD=120 mg/kg (ivn gpg)","HDN"
"BRUCINE","MLD=5 mg/kg (orl hmn)","HDN"
"BRUCINE","MLD=58 mg/kg (scu pgn)","HDN"
"BRUCINE","MLD=30 mg/kg (ivn rbt)","HDN"
"BRYODIN-1","LD50=40 (mus)","BCW36:3095"
"BRYODIN-1","LD50=>25 mg/kg (rat)","BCW36:3095"
"BRYONOLIC-ACID","LDlo=>10,000 mg/kg (ipr mus)","HDN"
"BUFOTENIDINE","LD50=1.3 mg/kg (ivn mus)","HDN"
"BUFOTENIDINE","LD50=90 mg/kg (scu mus)","HDN"
"BUFOTENINE","LD50=110 mg/kg (ipr mus)","HH3"
"N-BUTYLACETATE","LD50=14,000 mg/kg (orl rat)","ZEB"
"N-BUTYL-N-BUTYRATE","LD50=2,300 mg/kg (orl rat)","ZEB"
"BUTYL-ISOVALERATE","LD50=8,200 mg/kg (orl rbt)","ZEB"
"D-LIMONENE","MLD=5,000 mg/kg (orl hmn)","HDN"
"D-LIMONENE","LD50=4,600 mg/kg (orl rat)","?"
"D-LIMONENE","LD50=5,000 mg/kg (orl rat)","HDN"
"(+)-PULEGONE","LD50=340-600 mg/kg (orl rat)","HH2 ZEB"
"(+)-PULEGONE","LD50=1,900-6,500 mg/kg (dml rbt)","HH2"
"1,8-CINEOLE","LD50=100 mg/kg (ims mus)","HH2"
"QUINIDINE","LD50=21.6 mg/kg (ivn cat)","CRx"
"QUINIDINE","LD50=200 mg/kg (ims mus)","CRx"
"QUINIDINE","LD50=202 mg/kg (ipr mus)","HDN"
"QUINIDINE","LD50=69 mg/kg (ivn mus)","CRx"
"QUINIDINE","LD50=147 mg/kg (ipr rat)","HDN"
"QUINIDINE","LD50=23 mg/kg (ivn rat)","CRx HDN"
"YANGONIN","LD50=>1,500 mg/kg (ipr mus)","HH2"
"YANGONIN","LD50=41 mg/kg (ivn mus)","HH2"
"YANGONIN","LD50=>1,500 mg/kg (orl mus)","HH2"
"DESMETHOXYANGONIN","LD50=>800 mg/kg (ipr mus)","HH2"
"DESMETHOXYANGONIN","LD50=55 mg/kg (ivn mus)","HH2"
"DESMETHOXYANGONIN","LD50=>800 mg/kg (orl mus)","HH2"
"KAWAIN","LD50=420 mg/kg (ipr mus)","HH2"
"KAWAIN","LD50=69 mg/kg (ivn mus)","HH2"
"KAWAIN","LD50=1,130 mg/kg (orl mus)","HH2"
"DIHYDROMETHYSTICIN","LD50=420 mg/kg (ipr mus)","HH2"
"DIHYDROMETHYSTICIN","LD50=67 mg/kg (ivn mus)","HH2"
"DIHYDROMETHYSTICIN","LD50=1050 mg/kg (orl mus)","MA0 HH2"
"METHYSTICIN","LD50=530 mg/kg (ipr mus)","HH2"
"METHYSTICIN","LD50=49 mg/kg (ivn mus)","HH2"
"METHYSTICIN","LD50=>800 mg/kg (orl mus)","HH2"
